2023-08-01T10:33:43-04:00,Apple said to remove ChatGPT-like apps from Chinese App Store,negative,0.775399208
2023-07-28T14:33:13-04:00,"Earnings week ahead: Amazon, Apple, Pfizer, Starbucks, Uber and more",neutral,0.91792196
2023-07-28T14:00:40-04:00,"Catalyst Watch: Amazon earnings, jobs report, and will Apple talk AI?",neutral,0.932187319
2023-07-28T10:56:49-04:00,"Google smartphone shipments surge in US in Q2, overall market slumps",negative,0.85057646
2023-07-27T11:03:59-04:00,Apple continues to gain ground in Chinese smartphone market,positive,0.943213284
2023-07-26T10:10:10-04:00,"New iPhone 15 likely to have wide camera 48MP sensor, top analyst says",neutral,0.647571146
2023-07-26T09:27:38-04:00,"Samsung unveils 5th gen Galaxy Z foldables, Watch6 with fall detection and Tab S9",neutral,0.858554125
2023-07-25T11:41:27-04:00,Apple receives statement of objections from French regulator over advertising,negative,0.948489904
2023-07-25T09:49:24-04:00,"Apple likely to top Q3 earnings estimates, led by Mac, Services: Goldman",positive,0.83130002
2023-07-25T07:08:22-04:00,TSM plans to invest ~$2.9B for advanced chip plant in Taiwan amid rise of AI,positive,0.679686368
2023-07-25T06:14:52-04:00,Apple faces potential $1B suit in UK by app makers over App Store fees - report,negative,0.959845364
2023-07-24T12:08:07-04:00,Spotify sinks even as it announces increase in US premium prices (updated),negative,0.659935236
2023-07-24T07:26:26-04:00,Apple said to keep shipments of next iPhone in line with prior model,positive,0.82062304
2023-07-21T16:03:45-04:00,"ESPN said to talk with NBA, NFL, MLB over strategic partnerships (updated)",neutral,0.908777535
2023-07-21T11:38:56-04:00,BofA: Movement in S&P 500 has broadened out after Big Tech-led rally early in the year,positive,0.948115885
2023-07-21T07:01:05-04:00,"Hackers using AI to spread disinformation, malicious software - report",negative,0.594971716
2023-07-21T06:42:54-04:00,"Google, Microsoft among 7 firms pledging AI safeguards, says White House",neutral,0.536637068
2023-07-20T13:37:34-04:00,"Apple said to have issues with larger screens for iPhone 15 Pro, Pro Max",negative,0.946351469
2023-07-20T11:29:03-04:00,Chips sink as Taiwan Semiconductor 2023 outlook sends shivers across sector,negative,0.883271992
2023-07-20T10:08:24-04:00,"Apple may pull iMessage, FaceTime from UK if controversial security bill passes",negative,0.792893231
2023-07-20T09:33:21-04:00,"Taiwan Semiconductor tumbles on weak Q2, delay to Arizona plant",negative,0.960362613
2023-07-20T08:45:49-04:00,"Apple likely playing 'catch up' with AI trends, Citi says",neutral,0.699938893
2023-07-20T08:08:50-04:00,"Nvidia should 'reinvigorate' AI trade, Barclays says; firm cuts Skyworks Solutions",positive,0.603610694
2023-07-19T12:23:52-04:00,Apple gains as said to have built ChatGPT-style bot for employees,neutral,0.833897293
2023-07-19T09:47:29-04:00,"Apple likely to report 'inline' quarter, but Services may see upside: BofA",negative,0.857438564
2023-07-19T05:37:42-04:00,"UN Security Council discusses AI risks of security, misinformation",neutral,0.90504688
2023-07-18T11:13:23-04:00,"Apple, Amazon fined $218M for online collusion, Spanish agency says",negative,0.938673317
2023-07-18T11:08:44-04:00,"Apple likely to remain 'source of safety' ahead of Q3 results, Jefferies says",positive,0.677596927
2023-07-18T07:24:17-04:00,"Hollywood studios offered actors $1B in compensation, benefits before strike - report",negative,0.528255045
2023-07-17T13:46:14-04:00,Apple gains as Morgan Stanley sees India as next big market,positive,0.837656558
2023-07-17T05:04:47-04:00,UN to discuss AI risks in 1st formal meet on the new tech - report,neutral,0.908967435
2023-07-14T15:00:24-04:00,"Catalyst Watch: Microsoft-Activision Blizzard drama, Splunk event and Nasdaq 100 rebalancing countdown",neutral,0.940546274
2023-07-13T15:18:09-04:00,"Hollywood actors go on strike, setting up historic entertainment shutdown",negative,0.953772366
2023-07-13T12:36:26-04:00,Workers building Taiwan Semi Arizona plant reportedly hit with pay cut,negative,0.941990674
2023-07-13T05:44:57-04:00,"Hollywood set for first double strike in 60 years as talks between actors, studios fail",negative,0.827255666
2023-07-12T07:17:09-04:00,Deeper Dive: The music industry is growing louder,neutral,0.70666194
2023-07-12T06:51:30-04:00,"Global PC shipments drop less than expected in Q2, weak demand persists",negative,0.974736094
2023-07-12T05:51:07-04:00,Huawei eyes return to 5G phone arena despite US ban - report,positive,0.82687217
2023-07-12T05:16:27-04:00,SoftBank's Arm in talks to bring Nvidia as anchor investor in IPO - report,neutral,0.749749541
2023-07-11T08:08:43-04:00,Wells Fargo highlights Nasdaq 100 rebalance trade opportunities,neutral,0.832315385
2023-07-11T06:30:37-04:00,Nasdaq 100 set for special rebalance amid 'Magnificent Seven' domination,negative,0.725971878
2023-07-11T06:02:22-04:00,Tata inches ahead to be 1st Indian iPhone manufacturer with potential Wistron deal - report,positive,0.844238341
2023-07-11T04:52:14-04:00,Apple launches online store on Chinese social media platform WeChat - report,neutral,0.884766579
2023-07-10T14:16:45-04:00,"Citi downgrades view on U.S. stocks to neutral, citing recession risk",negative,0.950290859
2023-07-10T11:58:03-04:00,Spotify user growth 'surprisingly strong' heading into Q2: analyst,positive,0.954292417
2023-07-10T11:24:25-04:00,Neonode tumbles as patent invalidated in a case against Samsung,negative,0.944053173
2023-07-07T07:24:50-04:00,"Apple said to tread carefully with Vision Pro, have appointment-only launch",neutral,0.905942321
2023-07-07T05:22:08-04:00,Samsung expects Q2 operating profit to plunge 96% as chip oversupply persists,negative,0.969145536
2023-07-06T10:33:33-04:00,"Apple goes against trend, sees 8% increase during China's 6.18 sales festival",positive,0.950486839
2023-07-06T09:56:17-04:00,Google reportedly delaying first customized smartphone chip until 2025,neutral,0.938519895
2023-07-05T12:52:15-04:00,Wedbush sees Microsoft joining $3T club in early 2024 powered by AI,neutral,0.80754745
2023-07-05T08:12:16-04:00,Apple loses appeal in London court in patent infringement suit with Optis - report,negative,0.927728474
2023-07-05T07:01:26-04:00,Foxconn Q2 revenue dips ~14% but sees brighter Q3 on the back of peak season,negative,0.968105376
2023-07-04T05:56:30-04:00,Meta faces setback in EU court over German antitrust agency's decision on Facebook -report,negative,0.967240632
2023-07-03T07:36:31-04:00,"Japan may regulate AI easier than Europe, closer to US view",neutral,0.864442348
2023-07-03T05:15:17-04:00,Apple slashes Vision Pro targets amid production woes- report,negative,0.965828538
2023-07-02T09:31:00-04:00,Goldman Sachs restates picks as music industry works to shift into new tune,neutral,0.9029755
2023-06-30T16:49:39-04:00,Goldman Sachs in talks with Amex to offload Apple card partnership - report,neutral,0.885772347
2023-06-30T16:25:11-04:00,Nokia rises on long-term patent agreement with Apple,positive,0.936778009
2023-06-30T16:07:30-04:00,Apple exceeds $3T market cap as analysts heap praise on tech giant,positive,0.832297206
2023-06-30T14:15:16-04:00,Nvidia leads chips higher as sector looks to end the week on solid ground,positive,0.929111302
2023-06-30T10:24:32-04:00,Taiwan Semiconductor confirms data breach by Russian-linked ransomware group,negative,0.939510345
2023-06-30T09:13:00-04:00,Invesco measures the current market concentration of supporting mega-caps to the 2000 bubble,neutral,0.887052417
2023-06-30T05:02:16-04:00,Apple manufacturing partner said to invest $246M from Vietnam for factories,positive,0.560909271
2023-06-29T16:19:13-04:00,"Apple continues march towards $3T, Citi praises gross margins",positive,0.849241078
2023-06-29T11:02:22-04:00,Apple aims to fend off EU antitrust charges in Spotify probe - report,positive,0.899353981
2023-06-29T07:30:48-04:00,Taiwan Semi to send more workers to Arizona to 'ramp up' chip factory,positive,0.893414378
2023-06-29T06:58:00-04:00,Potential double strike adds another twist to the Hollywood drama,neutral,0.699924886
2023-06-28T12:05:37-04:00,"As Apple approaches $3T, Wedbush thinks it could be worth as much as $4T",neutral,0.826261163
2023-06-28T11:27:33-04:00,Samsung unveils foundry future as it gets ready for the 'AI era',neutral,0.613253057
2023-06-28T07:49:06-04:00,"Tech is the strongest S&P segment in 2023, see the top 10 performing stocks in the sector",neutral,0.653450906
2023-06-27T09:19:33-04:00,"Apple boosts iCloud storage pricing in several countries, including UK",positive,0.950612187
2023-06-26T11:54:18-04:00,"Apple, Broadcom lose appeal to SCOTUS over Caltech patent case",negative,0.860548973
2023-06-26T10:07:45-04:00,Principal Financial says Wall Street has a ¡®bad breadth problem¡¯,negative,0.941402078
2023-06-26T09:32:53-04:00,"Chinese smartphone shipments surge more than 22% in May, agency says",positive,0.94592154
2023-06-26T07:27:45-04:00,"Microsoft, AWS, Google may benefit as cloud spending showing 'pockets of upticks'",positive,0.942531407
2023-06-24T14:00:00-04:00,"Apple expands self service repair to include iPhone 14 line, Macs",neutral,0.662166178
2023-06-23T11:56:49-04:00,"Nancy Pelosi discloses buys of Apple, Microsoft",neutral,0.925305724
2023-06-23T10:07:32-04:00,"Apple, Google, other tech CEOs to meet with Biden to discuss AI, manufacturing",neutral,0.941289485
2023-06-23T07:55:33-04:00,"Apple reportedly in talks to bring Apple Card, Apple Pay to India",neutral,0.885101974
2023-06-22T14:51:22-04:00,India-U.S. wrap-up: Country's ETF in focus amid Prime Minister Modi's visit,neutral,0.51420176
2023-06-22T13:57:18-04:00,"Apple's App Store drives Services revenue, but Barclays sees big growth in ads, pay",positive,0.92608577
2023-06-22T09:46:51-04:00,Qualcomm taking bigger role in supplying Meta's AR projects -- report,neutral,0.708609581
2023-06-22T05:35:19-04:00,"U.S., India expected to deepen economic ties during Modi visit",positive,0.925310135
2023-06-21T16:51:17-04:00,Apple rolls out developer tools to create apps for its Vision Pro headset,neutral,0.838377059
2023-06-20T07:34:34-04:00,Spotify said to introduce new high-end subscription tier later this year,neutral,0.848510563
2023-06-20T05:30:44-04:00,Google eyes suppliers to move some Pixel manufacturing to India - report,positive,0.775366187
2023-06-19T09:00:00-04:00,Artificial intelligence is a '1995 moment' for tech. That could push stocks even higher.,negative,0.480954766
2023-06-16T11:59:46-04:00,Citi: Don't worry about Big Tech fueling 2023's rally. Worry about earnings instead.,neutral,0.887473702
2023-06-15T07:20:12-04:00,Google said to temper chatbot use for employees on privacy concerns,negative,0.550249577
2023-06-14T05:17:31-04:00,Nvidia crosses $1T market cap powered by the rise of AI,positive,0.927170336
2023-06-13T17:17:00-04:00,Intel in talks to be anchor investor in chip designer Arm - report (update),neutral,0.916498899
2023-06-13T12:14:45-04:00,Hot Stocks: AAPL falls on downgrade; MANU rises on Qatar bid expectations; TM gains; BIIB dips,positive,0.642722547
2023-06-13T06:22:59-04:00,Apple notches record close as bulls continue to cheer the stock,positive,0.79469198
2023-06-13T04:49:26-04:00,Apple cut to Neutral at UBS on softer iPhone and services growth in H2,negative,0.944331288
2023-06-09T05:42:17-04:00,AI looking like a 'winner-take-more' game - Goldman,neutral,0.894897699
2023-06-09T05:21:04-04:00,Zuckerberg's vision for AR/VR headsets different from Apple's Vision Pro - report,neutral,0.812578261
2023-06-08T08:22:30-04:00,Apple¡¯s AirDrop could see impact as China moves to restrict file-sharing apps - report,negative,0.854141653
2023-06-06T15:05:17-04:00,Apple reportedly acquired AR start-up Mira as it pushes new headset vision,positive,0.579927146
2023-06-06T10:52:26-04:00,"PGA Tour, LIV Golf, European Tour to merge and unify sport after bitter split",neutral,0.839194655
2023-06-06T08:31:24-04:00,"5 stocks to watch on Tuesday: Apple, Mobileye, J. M. Smucker and more",neutral,0.919875145
2023-06-06T08:11:01-04:00,Apple cut to Neutral at Davidson after unveiling 'most significant new hardware product since iPhone',negative,0.743619323
2023-06-06T06:00:19-04:00,Apple has a Vision for its AR/VR gear; What's next?,neutral,0.886565924
2023-06-06T05:36:48-04:00,Apple introduces watchOS 10 for Apple Watch,neutral,0.877279043
2023-06-06T05:08:17-04:00,Apple launches new mental health and eye health features,neutral,0.828428388
2023-06-06T04:40:03-04:00,"Hollywood actors authorize potential strike, following in footsteps of writers",neutral,0.72356993
2023-06-05T15:11:43-04:00,"Apple unveils $3,500 AR/VR headset, biggest product launch in nearly a decade (updated)",neutral,0.839998662
2023-06-05T12:40:30-04:00,"Hot Stocks: AAPL rises to all time high; TGT falls on downgrade; PANW, TMBR gain; EPAM, BLPH slide",positive,0.854333282
2023-06-04T08:00:00-04:00,Apple WWDC 2023 preview: Mixed reality headset likely to be the star,neutral,0.849287689
2023-06-01T17:11:46-04:00,Some Apple Savings account customers hit snags on withdrawals - report,negative,0.968753278
2023-05-31T13:44:35-04:00,Apple says developers generated $1.1T in App Store ecosystem in 2022,neutral,0.84704119
2023-05-30T14:36:29-04:00,Broadcom rises as Wall Street believes infrastructure results will be 'resilient',positive,0.939580441
2023-05-28T10:31:00-04:00,"Netflix's 'Diplomat' stays on top, and originals get a new-episode lift",neutral,0.548209488
2023-05-24T11:59:21-04:00,Analog Devices leads chip stocks lower as sector awaits Nvidia's results,negative,0.94806993
2023-05-24T08:40:21-04:00,Broadcom slips even as BofA says Apple deal removes 'key' overhang for stock,negative,0.870973587
2023-05-23T09:20:28-04:00,Broadcom rises on multibillion-dollar Apple component deal,positive,0.754109502
2023-05-22T16:58:46-04:00,Can India become a new China for Apple? - Bernstein,neutral,0.905813277
2023-05-22T12:18:52-04:00,"Hot Stocks: DKNG rises on upgrade; PDCE rises on buyout offer; AAPL, FL fall",positive,0.901658714
2023-05-22T08:44:00-04:00,Apple cut to hold at Loop Capital on revenue downside risk for June quarter,negative,0.931461692
2023-05-21T15:17:24-04:00,Will ChatGPT prevent a recession or is AI a baby bubble?,neutral,0.89782846
2023-05-21T10:31:00-04:00,Netflix's 'Diplomat' keeps up string of No. 1 original shows,positive,0.790209651
2023-05-20T09:00:00-04:00,Tech has had a strong start to 2023. That bodes well for the rest of the year.,positive,0.932805479
2023-05-19T15:30:41-04:00,YouTube pushing price competition with Amazon on channels business,neutral,0.594651818
2023-05-19T11:12:01-04:00,"Apple said to restrict use of ChatGPT, other AI tools for employees",neutral,0.766613185
2023-05-19T07:26:15-04:00,Samsung reportedly suspends review to replace Google search in smartphones,negative,0.804035068
2023-05-18T09:48:54-04:00,"Apple headset said to be hampered by Cook's 'distant' approach, exec skepticism",negative,0.936612725
2023-05-18T06:39:17-04:00,Montana to become the first U.S. state to ban TikTok,neutral,0.714447975
2023-05-17T07:29:07-04:00,Nearly two-thirds of Americans think AI poses a risk for humanity: poll,neutral,0.860022366
2023-05-16T14:20:44-04:00,Apple says App Store prevented more than $2B in unauthorized transactions last year,negative,0.894760311
2023-05-15T17:49:22-04:00,"Warren Buffett's Berkshire takes new stakes in COF, Diageo, exits RH",neutral,0.943399668
2023-05-15T17:08:53-04:00,"Chase Coleman's Tiger Global adds stakes in AAPL, TSM, exits RBLX, PDD",neutral,0.928655148
2023-05-15T11:47:46-04:00,"Apple 'well prepared' for mixed reality headset announcement, top analyst says",positive,0.842640877
2023-05-15T07:34:18-04:00,"Apple manufacturer to invest $500M in Indian manufacturing plant, create 25K jobs",positive,0.881068408
2023-05-14T10:31:00-04:00,Netflix's 'Beef' tops streaming menus in weekly ratings,positive,0.714575231
2023-05-12T14:28:50-04:00,AMD leads chips lower as Morgan Stanley sees deflation in semiconductor economy,negative,0.958683074
2023-05-12T07:21:18-04:00,"Apple continues emerging market push, announces first online store in Vietnam",positive,0.862124622
2023-05-11T12:48:11-04:00,Is Apple a buy if the broader market struggles?,neutral,0.631631792
2023-05-11T10:03:41-04:00,Apple partner says full-year visibility 'limited' amid economic uncertainty,negative,0.966337085
2023-05-10T15:58:25-04:00,Apple's Tap to Pay feature said to face fresh EU antitrust scrutiny,negative,0.925046563
2023-05-10T11:10:03-04:00,Cisco to start manufacturing in India to tweak supply chain: CEO,positive,0.59842217
2023-05-10T09:36:52-04:00,Microsoft said to be keen on getting Firefox search deal as Google contract expires,neutral,0.581447899
2023-05-08T13:03:51-04:00,AMD leads chips higher as sector digests recent earnings reports,positive,0.868497968
2023-05-08T10:14:54-04:00,Apple said to raise $5B in new five-part debt offering,positive,0.66030252
2023-05-08T08:30:00-04:00,"Investor Movement Index creeps higher in April, still on 'moderate low' setting",negative,0.77257365
2023-05-08T07:14:22-04:00,"As Big Tech holds up, iPhone performance seen as 'noteworthy' for consumer demand",positive,0.950697303
2023-05-07T10:31:00-04:00,"Netflix's 'The Night Agent' keeps pulling ratings, while 'Beef' debuts strong",negative,0.969908774
2023-05-06T12:00:00-04:00,"AI keeps making waves with Apple, FTC showing new concerns",positive,0.890938282
2023-05-06T11:00:00-04:00,Generative AI is all the rage. Tim Cook is asking for caution.,neutral,0.902694941
2023-05-05T10:52:02-04:00,"Apple surges as iPhone results seen as 'impressive,' Wall Street mixed on forecast",positive,0.861043334
2023-05-05T09:09:29-04:00,"4 stocks to watch on Friday: Apple, Coinbase and more",neutral,0.921116829
2023-05-05T08:20:26-04:00,"Apple partner Foxconn says April sales rebound, led by smart devices",positive,0.947048366
2023-05-05T07:46:28-04:00,"Dividend Roundup: Apple, PepsiCo, UPS, Visa and more",neutral,0.943749785
2023-05-04T17:31:59-04:00,"Apple earnings call: New records in several countries, but Mac, iPad struggle",positive,0.757308781
2023-05-04T16:39:49-04:00,"Apple rises as Q2 results aided by iPhone strength, unveils $90B buyback",positive,0.932560444
2023-05-04T16:33:12-04:00,"Apple raises dividend by 4.3% to $0.24, plans $90B stock buyback",positive,0.66458267
2023-05-04T16:31:37-04:00,"Apple GAAP EPS of $1.52 beats by $0.09, revenue of $94.84B beats by $2B, raises dividend, announced $90B buyback",positive,0.716298401
2023-05-04T09:18:59-04:00,Qualcomm shares drop 5% on 'sluggish' smartphone outlook,negative,0.971405625
2023-05-04T08:48:17-04:00,"Qorvo surges 7% as Wall Street sees smartphone stabilization in Q4 results, outlook",positive,0.939174592
2023-05-04T07:00:00-04:00,"Apple earnings likely to show solid iPhone results, update on capital return",neutral,0.536959648
2023-05-03T16:44:01-04:00,Qualcomm's outlook falls short; CEO cites 'challenging' mobile phone market,negative,0.968485177
2023-05-03T09:42:53-04:00,Taiwan Semiconductor said to discuss building $11B German plant with partners,neutral,0.560881138
2023-05-03T08:22:19-04:00,"Apple likely to report 'solid' results, but valuation a concern: Baird",positive,0.57185638
2023-05-03T08:01:07-04:00,"Globalstar pops as Morgan Stanley upgrades, says financing overhang 'removed'",negative,0.733549118
2023-05-02T13:12:25-04:00,Apple said to cut drivers in California autonomous vehicle testing program,negative,0.891499937
2023-05-02T10:44:58-04:00,"Apple, Google join forces on AirTag tracking security",neutral,0.799786448
2023-05-02T07:55:40-04:00,"HP, Dell rise as Morgan Stanley upgrades; firm starts to get more positive on PCs",positive,0.93497473
2023-05-02T00:15:37-04:00,"Hollywood writers strike for first time since 2007, with streaming in focus",negative,0.875861645
2023-05-01T22:28:19-04:00,Masimo falls after judge declares mistrial in Apple trade secrets trial,negative,0.889856339
2023-05-01T17:08:43-04:00,Masimo falls as jury in Apple trade secrets case at impasse in deliberations,negative,0.664885283
2023-05-01T07:41:13-04:00,"Apple likely to post 'in-line' iPhone revenue, seeing uptick in China: Wedbush",positive,0.954023242
2023-04-29T12:00:00-04:00,"Will Apple, AMD earnings continue tech's 'so far, so good' results?",neutral,0.613569319
2023-04-28T13:30:26-04:00,"Earnings Week Ahead: Apple, Ford, Starbucks, Anheuser Busch, and more",neutral,0.90018028
2023-04-27T14:09:21-04:00,How to avoid having Big Tech dominate your technology portfolio,neutral,0.881884336
2023-04-27T10:59:28-04:00,"Samsung, Apple lead another weak smartphone quarter",negative,0.968634009
2023-04-27T10:41:47-04:00,"Apple discloses European MAUs for products, services as it complies with DSA",neutral,0.924914241
2023-04-26T13:43:01-04:00,"Apple, others receive letter from Democratic senator to prevent 'malicious' AI use",neutral,0.726448417
2023-04-26T09:01:06-04:00,Apple opens second store in Shenzhen as tech giant maintains China presence,neutral,0.593520164
2023-04-26T08:27:49-04:00,Texas Instruments ticks up as Wall Street digests 'ho hum quarter',positive,0.637380719
2023-04-25T14:40:56-04:00,"Apple said to be working on AI health service, mood tracker",neutral,0.932640612
2023-04-25T08:56:59-04:00,"Apple App Store, Google Play, others subject to new EU content rules",neutral,0.94472605
2023-04-24T14:00:24-04:00,"Microsoft, Google and a 'moment of truth' for tech's upcoming earnings",neutral,0.852884889
2023-04-24T13:49:30-04:00,Apple wins appeal backing its App Store policy in Epic Games antitrust fight,positive,0.686241269
2023-04-24T09:33:17-04:00,'Weak' IT spending in March may have impacted chips: UBS,negative,0.944452584
2023-04-24T07:33:07-04:00,Microsoft seen leading AI arms race by as much as two years,positive,0.558796942
2023-04-23T12:00:00-04:00,"Apple said to be working on app for mental, physical health",neutral,0.757463396
2023-04-20T10:24:16-04:00,Taiwan Semiconductor strengthens despite downcast outlook,positive,0.909642041
2023-04-20T09:49:24-04:00,"Apple may triple investment in India, deputy technology minister says",positive,0.886947453
2023-04-19T07:31:13-04:00,Taiwan Semiconductor said to push back on controversial CHIPs Act requirements,neutral,0.476954609
2023-04-18T08:49:11-04:00,Apple could better monetize base if Bing becomes default search option: BofA,neutral,0.894193113
2023-04-18T01:32:10-04:00,"Apple opens its first store in India, building out consumer base",positive,0.904156268
2023-04-17T11:05:13-04:00,Apple Card launches 4.15%-yield savings account with Goldman Sachs,neutral,0.675937355
2023-04-17T10:48:17-04:00,European lawmakers ask for new rules to regulate AI so it's 'safe and trustworthy',neutral,0.50587374
2023-04-17T09:57:07-04:00,Apple's India push is 'strategic poker move' that could boost revenues,positive,0.940762699
2023-04-17T08:13:22-04:00,Taiwan Semiconductor rises as Susquehanna upgrades ahead of Q1 results,positive,0.914707303
2023-04-17T07:17:27-04:00,"Teradyne stock slips as JP Morgan downgrades, citing 'overestimated' rebound",negative,0.963893592
2023-04-16T10:31:00-04:00,"'You' leads streaming for Netflix, but more companies scoring hits",neutral,0.817705691
2023-04-15T12:00:00-04:00,Morgan Stanley not ready to call a 'bottom' to tech hardware cycle,negative,0.908659101
2023-04-14T15:01:53-04:00,Apple said to be testing new Macs with processors similar to M2,neutral,0.638682485
2023-04-13T13:11:36-04:00,Apple TV+ in deal to come to Canal Plus subscribers - report,neutral,0.564498484
2023-04-13T08:58:13-04:00,Apple sets 2025 target of using 100% recycled cobalt in batteries,neutral,0.801870346
2023-04-13T07:43:19-04:00,Apple Glasses not likely to be seen for several more years,neutral,0.845192194
2023-04-13T07:24:35-04:00,Google slated to ask judge to end antitrust case,negative,0.656485319
2023-04-13T06:16:49-04:00,Apple in talks to manufacture MacBooks in Thailand - report,neutral,0.789114833
2023-04-12T09:17:38-04:00,Cirrus Logic stock plunges 14% as analyst says Apple may change iPhone 15 design,negative,0.958815634
2023-04-11T10:16:48-04:00,Apple said to face antitrust investigation from France over app tracking changes,negative,0.940962076
2023-04-11T08:20:48-04:00,Biden Administration puts out formal request for comment for potential AI regulation,neutral,0.778355777
2023-04-11T07:49:02-04:00,Apple rises as Bernstein says IDC not 'historically' a leading indicator for Mac revenue,positive,0.596709669
2023-04-10T16:07:07-04:00,Why did Baidu stock fall 4% Monday? More AI issues in the works,negative,0.924737751
2023-04-10T14:04:30-04:00,"Global PC shipments fall 29% in Q1, growth expected after 2023",negative,0.973906338
2023-04-10T12:42:34-04:00,"Hot Stocks: PXD and ARVL rises on M&A news; Tupperware drops on delisting fears; AAPL, BIDU falls; SMG gains",negative,0.782247961
2023-04-10T12:14:57-04:00,Micron surge leads chip stocks higher even as PC sales data highlights concerns,positive,0.883517683
2023-04-10T10:52:38-04:00,Apple slides as IDC says Mac shipments fell 40% year-over-year amid PC weakness,negative,0.97118181
2023-04-10T07:57:02-04:00,Taiwan Semiconductor working with Biden Administration on Chips Act 'guidance',neutral,0.76009047
2023-04-10T05:51:32-04:00,Baidu sues Apple and app developers over bogus Ernie bot apps - report,negative,0.947308362
2023-04-06T09:49:39-04:00,DWS Xtrackers Climate ETF becomes largest ETF launch in history with $2B,positive,0.769165635
2023-04-06T08:31:00-04:00,Gartner and IDC predict growth in Worldwide IT spending,positive,0.942342639
2023-04-06T08:16:13-04:00,Lumentum stock plunges as Rosenblatt downgrades after weak Q3 results,negative,0.968056023
2023-04-05T14:13:29-04:00,"AMD, Nvidia lead chip declines as economic data spurs recession talk",negative,0.971199572
2023-04-05T10:29:07-04:00,Apple slated to open first official retail store in India,neutral,0.851921201
2023-04-05T08:38:58-04:00,"Apple manufacturing partner Foxconn reports Q1 results, forecasts weak guidance",negative,0.972247064
2023-04-05T08:04:34-04:00,Apple continues to have near-record iPhone ownership among teens: Piper Sandler,neutral,0.856242895
2023-04-05T07:41:27-04:00,German antitrust regulator set to probe Apple on tracking rules,negative,0.707298338
2023-04-04T15:14:12-04:00,"President Biden to discuss 'risks and opportunities' of AI with science, tech advisors",neutral,0.916405082
2023-04-04T08:37:11-04:00,Microsoft's new Bing may force Google to 'pay up' to be Apple default: analyst,negative,0.503358543
2023-04-04T08:05:25-04:00,"Apple said to let go some corporate retail employees, first job cuts since last year",negative,0.968264163
2023-04-03T15:00:54-04:00,Micron leads semiconductors lower as China launches new cybersecurity review,negative,0.958535373
2023-04-03T09:31:31-04:00,UBS says Apple iPhone sell-through data showing improvement,positive,0.643913925
2023-04-03T08:53:32-04:00,"Apple seeing 'resilient' iPhone demand, increased share in China despite tensions",positive,0.958759725
2023-03-31T14:50:33-04:00,ChatGPT gets temporarily banned in Italy for privacy issues,negative,0.936987877
2023-03-31T13:02:33-04:00,"Apple wins UK appeal, quashing probe into mobile browser dominance",neutral,0.361028641
2023-03-30T15:16:39-04:00,VirnetX tumbles after patent loss in dispute with Apple (update),negative,0.954121411
2023-03-30T10:39:18-04:00,Apple buying Disney? Needham says they are 'worth more together',positive,0.513871133
2023-03-29T13:06:35-04:00,Apple says annual developer conference will start June 5,neutral,0.940277517
2023-03-29T11:53:29-04:00,"Microsoft, Apple, others may benefit as tech readies for 'modestly better' earnings",positive,0.93856585
2023-03-29T08:38:32-04:00,"World¡¯s largest ESG ETF saw $5B exit in March, leading all ETFs",positive,0.927179456
2023-03-28T14:02:27-04:00,Affirm Holdings stock swoons 11% after Apple rolls out Pay Later service,negative,0.685619473
2023-03-28T13:34:16-04:00,"China pleads with Apple to reinforce data security, privacy protection",positive,0.828837693
2023-03-28T12:05:06-04:00,"Apple rolls out new Buy Now, Pay Later option in U.S.",neutral,0.823576212
2023-03-28T07:58:33-04:00,"Apple's advertising push provides risks but 'big potential rewards,' Barclays says",positive,0.935179234
2023-03-27T10:05:11-04:00,Apple acquires AI-linked video start up WaveOne,neutral,0.903510511
2023-03-27T07:00:00-04:00,"TikTok ban could be a matter of 'when, not if' after CEO's Congressional testimony",neutral,0.573218048
2023-03-27T06:06:01-04:00,Tim Cook lauds Apple's 'symbiotic' relationship with China,negative,0.854614496
2023-03-26T12:00:27-04:00,Global continuous glucose monitoring market to hit $32B by 2031 ¨C report,positive,0.61049974
2023-03-26T12:00:00-04:00,Why does Warren Buffett love Apple and hardware tech? One analyst may have the answer,neutral,0.921106577
2023-03-24T15:31:05-04:00,"Apple CEO seen visiting Chinese retail store, may attend state sponsored summit",neutral,0.913733482
2023-03-24T15:19:28-04:00,AI technology has created 'new table stakes' for Big Tech - Hummer Winblad's Ann Winblad,neutral,0.715504587
2023-03-24T07:39:31-04:00,Apple manufacturing partner said to discuss building second Indian factory,neutral,0.868707418
2023-03-23T12:10:21-04:00,Power Integrations stock rises as analyst calls it 'main winner' of iPhone change,positive,0.89982909
2023-03-23T10:57:55-04:00,SoftBank's Arm said to raise chip price designs for revenue boost ahead of IPO,positive,0.877259672
2023-03-23T09:12:34-04:00,Apple looking to spend $1B a year to release movies in theaters,neutral,0.596046567
2023-03-23T08:25:52-04:00,Apple said to consider bidding on English Premier League games,neutral,0.844592214
2023-03-22T11:36:39-04:00,"AllianceBernstein launches 3 actively managed ETFs with heavy weightings in names like MSFT, AAPL",neutral,0.787052155
2023-03-22T11:15:12-04:00,"Apple makes 'Friday Night Baseball' subscription-only, expands to 60 countries",neutral,0.761020422
2023-03-21T14:06:55-04:00,"Neuberger's Daniel Flax sees growth potential in Google, Amazon, Meta and Apple",positive,0.712112367
2023-03-21T09:56:20-04:00,J.P. Morgan Asset Management plans to launch an actively managed tech ETF,neutral,0.882609844
2023-03-21T08:34:01-04:00,Potential Microsoft app store would be 'immaterial risk' to Apple: Morgan Stanley,neutral,0.915381193
2023-03-20T12:46:53-04:00,Big-name tech stocks are 'safety blanket' amid banking industry woes,negative,0.513521969
2023-03-17T09:01:45-04:00,Apple stock slips even as KeyBanc notes February spending was above average,negative,0.843815029
2023-03-16T07:47:08-04:00,"Intel, Qualcomm, Skyworks stocks rise as Susquehanna upgrades trio",positive,0.679965317
2023-03-15T16:05:17-04:00,Apple likely to be the safest tech stock over the next 6 months - Gene Munster,neutral,0.526979566
2023-03-15T07:46:20-04:00,Apple slips as Foxconn expects smart electronics demand to decline 'slightly',negative,0.972854495
2023-03-14T15:02:58-04:00,OpenAI says new GPT-4 can beat most people's SAT scores,positive,0.798570752
2023-03-14T14:03:00-04:00,"Apple said to delay bonuses for some staff, freeze hiring over cost scrutiny",negative,0.892147779
2023-03-14T11:37:26-04:00,Apple rises as Evercore says premium valuation 'justified',positive,0.925815523
2023-03-14T00:00:00-04:00,Tuesday's economic calendar,neutral,0.857780337
2023-03-12T23:46:14-04:00,'Everything Everywhere' strikes blow for indie filmmaking at Oscars,positive,0.732289314
2023-03-11T12:00:00-05:00,Skyworks Solutions should benefit as smartphone sales rebound,positive,0.935861647
2023-03-10T13:24:58-05:00,"Apple backers re-elect entire board at shareholder meeting, support Cook pay",neutral,0.888042927
2023-03-10T10:42:27-05:00,"Apple, Foxconn said to lobby for more liberal labor laws in Indian state",positive,0.566429377
2023-03-10T07:44:57-05:00,"Apple downgraded by LightShed on 'conservative' iPhone outlook, slowing Services",negative,0.903354526
2023-03-09T10:33:23-05:00,Apple unveils classical-music streaming app for Music subscribers,neutral,0.914254546
2023-03-09T07:20:39-05:00,"C3.ai, SoundHound AI in focus as Chamber of Commerce lays out AI regulation ideas",neutral,0.906961739
2023-03-09T05:51:40-05:00,Apple reportedly restructuring global sales businesses to focus on India,neutral,0.811591148
2023-03-08T14:02:02-05:00,"Alibaba, Chinese tech stocks slip into the red ahead of JD.com earnings",negative,0.792383969
2023-03-08T12:01:00-05:00,AMD leads chip stocks as sector firms up after Powell testimony,positive,0.749338031
2023-03-08T09:34:51-05:00,Apple rises as analysts say tech giant is seeing uptick in demand,positive,0.921217978
2023-03-07T15:01:06-05:00,AMD bucks trend as chips slump after Powell testimony,negative,0.944709361
2023-03-07T10:09:23-05:00,"Apple slips as it unveils yellow iPhone 14, expands Emergency SOS to more countries",negative,0.895463109
2023-03-06T11:34:51-05:00,Apple jumps as Goldman Sachs starts with buy rating,neutral,0.748918533
2023-03-06T07:43:57-05:00,Apple continues to see 'muted' App Store growth in Q2: BofA,negative,0.947863817
2023-03-05T12:00:00-05:00,Could Cirrus Logic gain from changes to new iPhones?,positive,0.730390549
2023-03-04T12:00:00-05:00,"Apple, C3.ai make waves in the active AI sector",neutral,0.824336827
2023-03-04T10:31:00-05:00,"ESPN, Turner and media names get ready to pay - dearly - in new NBA deal",neutral,0.530359149
2023-03-03T14:40:35-05:00,"Apple exec in charge of iCloud, other infrastructure, said to leave next month",neutral,0.61675334
2023-03-03T12:47:13-05:00,"Hot Stocks: AAPL rises on analyst comment; AVGO, EGLE move on quarterly results; BMBL drops",positive,0.656878054
2023-03-03T11:58:24-05:00,Barclays stays bullish on Google despite 'new era' of AI threats,positive,0.894379675
2023-03-03T10:15:08-05:00,Apple has 5 'underappreciated' catalysts that could boost the stock: Morgan Stanley,neutral,0.660781622
2023-03-02T15:37:05-05:00,"ESPN looking to help users find sports streams - even on its rivals, report says",neutral,0.739501595
2023-03-02T09:18:30-05:00,Apple blocks update of ChatGPT email app over content fears,negative,0.785413206
2023-03-02T08:59:36-05:00,"Apple seeing 'limited impact' from macro worries, demand above estimates: Jefferies",neutral,0.558309615
2023-03-01T07:18:08-05:00,Qualcomm CEO: 'no plans' to provide Apple with modem chips in 2024,neutral,0.900116742
2023-02-28T13:42:03-05:00,Globalstar pops 8% as it discloses $252M loan from Apple for satellite service,positive,0.803798139
2023-02-28T08:24:05-05:00,"Apple, Microsoft, Nvidia among 15 companies that stand to benefit from AI: BofA",neutral,0.81225425
2023-02-28T07:18:10-05:00,Apple facing smaller antitrust concerns as European Commission revises objections,negative,0.806476474
2023-02-26T12:00:00-05:00,Apple Services slowdown is likely 'cyclical' and could rebound this year,positive,0.90178287
2023-02-26T10:31:00-05:00,"Netflix tops streaming viewing again, thanks to 'You People'",positive,0.922214329
2023-02-24T15:24:48-05:00,Apple reportedly names exec to build out streaming ad business,neutral,0.76027292
2023-02-24T11:41:24-05:00,Lumentum dips as analyst says Sony will replace it in iPhone 15 Pro,negative,0.953228474
2023-02-24T09:45:24-05:00,Apple expected to release second-generation mixed-reality headsets in 2025: analyst,neutral,0.869916916
2023-02-23T10:10:12-05:00,Samsung unveils smartphone satellite communication tech as it competes with Apple,positive,0.756803453
2023-02-22T13:04:18-05:00,Apple nears bid to shake up glucose monitoring market ¨C Bloomberg,neutral,0.80995506
2023-02-22T07:28:19-05:00,Biden Administration declines to overrule ITC ruling on ban Apple Watch,negative,0.848104119
2023-02-21T11:54:42-05:00,BlackRock launches new metaverse ETF,neutral,0.874425888
2023-02-21T08:34:43-05:00,"Bill Gates: AI is a threat to Google, and will also reshuffle"" Amazon",neutral,0.665360868
2023-02-21T08:33:04-05:00,"Morgan Stanley cuts PC estimates again, but firm says 'bottom' is approaching",negative,0.96067673
2023-02-21T05:36:59-05:00,Stock rally is broader than you think - BMO,neutral,0.697299719
2023-02-16T16:04:40-05:00,Apple said to start laying off contractors in recent days,negative,0.95525074
2023-02-16T10:18:48-05:00,Europe said to run into delays into how to regulate AI,negative,0.924535692
2023-02-16T09:14:53-05:00,Apple manufacturing partner said to secure new site in Vietnam to boost production,positive,0.944129348
2023-02-15T16:21:29-05:00,Apple reportedly planning on mixed-reality headset debut in June,neutral,0.874169767
2023-02-15T14:14:21-05:00,"House Judiciary subpoenas big tech, seeking content moderation info",negative,0.863105178
2023-02-15T13:07:20-05:00,DOJ reportedly ramps up competition probe of Apple,neutral,0.714582324
2023-02-15T11:02:24-05:00,Apple granted patent for foldable device as speculation mounts,neutral,0.794674516
2023-02-15T10:59:56-05:00,Instagram ends live-shopping feature; UK extends Meta data probe to summer,neutral,0.680984139
2023-02-15T09:32:38-05:00,Apple sees 6% increase in Chinese iPhone sales as smartphone market perks up,positive,0.952235818
2023-02-15T07:32:40-05:00,"Intel may never see 'peak' PC revenue again, thanks to Apple, AMD: Bernstein",neutral,0.826955616
2023-02-14T17:09:51-05:00,"Berkshire Hathaway adds to Apple stake, pares US Bancorp, BNY Mellon stakes",neutral,0.893150985
2023-02-14T11:19:59-05:00,Apple said to face difficulties in India boosting production,positive,0.934360564
2023-02-14T09:57:58-05:00,Taiwan Semiconductor says it will increase Arizona chip investment,positive,0.887458742
2023-02-14T08:14:56-05:00,"Apple iPhone supply improvements seen helping fulfill demand, suppliers: KeyBanc",positive,0.828166842
2023-02-13T17:46:29-05:00,NBC Sports reportedly planning serious bid to reclaim NBA rights,neutral,0.673903048
2023-02-12T14:32:00-05:00,"Capital One, Bank of America top financial firms winning the most patents in 2022",positive,0.625506938
2023-02-11T07:30:00-05:00,"Super Bowl spotlight will include Apple, DraftKings, GM and Diageo",neutral,0.941375136
2023-02-10T13:46:27-05:00,Apple set to face EU regulators over mobile wallet technology,negative,0.61630249
2023-02-09T15:30:44-05:00,META has rallied more than 40% so far in 2023. Is it still a buy here?,neutral,0.638365209
2023-02-09T10:28:20-05:00,"Japan's FTC recommends Apple, Google include third-party app stores",neutral,0.888504565
2023-02-09T09:04:47-05:00,Apple App Store growth reportedly looking 'muted' this year,negative,0.962041795
2023-02-09T08:09:10-05:00,BlackRock is bullish on the metaverse: ¡®Opportunities are here and now¡¯,neutral,0.891761422
2023-02-08T03:33:14-05:00,Apple Pay Later coming soon as tech giant pushes into financial services,neutral,0.663700521
2023-02-07T15:44:31-05:00,Arm CEO says chip design company is 'committed' to IPO this year,neutral,0.814771116
2023-02-07T11:46:11-05:00,Skyworks surge leads mixed chip sector ahead of Microsoft AI event,neutral,0.548739135
2023-02-06T08:00:00-05:00,"Investor Movement Index, while still low, shows marginal improvement in January",negative,0.906673551
2023-02-06T07:35:53-05:00,Apple's high-end iPhones said to receive discounts in China,positive,0.74776268
2023-02-03T18:38:49-05:00,S&P 500 posts 1.6% weekly gain after Fed meet,positive,0.646774471
2023-02-03T16:32:47-05:00,"Why did Cirrus Logic stock go up today? Strong Q3, outlook spurs hope",positive,0.921461403
2023-02-03T15:12:36-05:00,Apple CEO Tim Cook says artificial intelligence 'is a major focus of ours',neutral,0.882075429
2023-02-03T14:36:30-05:00,"Nasdaq, S&P, Dow edge lower after unexpectedly strong jobs report; tech earnings weigh",negative,0.93249166
2023-02-03T13:09:30-05:00,"Qualcomm erases losses after mixed Q1, analysts see uneven road ahead",negative,0.895548284
2023-02-03T12:50:34-05:00,Apple pops after weak Q1 but 'strengthening' customer base to provide tailwind,positive,0.930229723
2023-02-03T10:31:47-05:00,"Nasdaq, S&P, and Dow pare some losses after payrolls data release settles in",negative,0.915294051
2023-02-03T08:42:18-05:00,"5 stocks to watch on Friday: Apple, Amazon, Alphabet and more",neutral,0.926394701
2023-02-03T08:31:12-05:00,Google said to hold event next week to discuss 'using the power of AI',neutral,0.892019749
2023-02-03T08:14:50-05:00,"Meta Platforms slips as HSBC downgrades, citing competition, uncertainty",negative,0.965236425
2023-02-03T07:43:46-05:00,Apple's 'next important' acoustic updates will happen in 2024 at the earliest,neutral,0.946780324
2023-02-02T17:31:19-05:00,Apple would've grown in 'vast majority' of markets if not for FX headwinds: Cook,neutral,0.525251389
2023-02-02T16:40:46-05:00,Apple shares head south as iPhone weakness leads Q1 results miss,negative,0.958644271
2023-02-02T16:31:24-05:00,Apple declares $0.23 dividend,neutral,0.847179413
2023-02-02T16:31:23-05:00,"Apple GAAP EPS of $1.88 misses by $0.07, revenue of $117.15B misses by $4.5B",neutral,0.415387154
2023-02-02T13:48:44-05:00,"What do Apple, Coke and gold have in common? A falling dollar could give them a lift",positive,0.366702169
2023-02-02T11:39:04-05:00,Apple will no longer have a design chief after long-time exec leaves: report,neutral,0.670654297
2023-02-02T08:48:54-05:00,"Senator Bennet asks Apple, Google CEOs to ban TikTok from app stores",negative,0.583345115
2023-02-02T07:01:00-05:00,"Apple earnings may offer insight on iPhone demand, China reopening",neutral,0.631291807
2023-02-01T13:30:35-05:00,"Samsung unveils Galaxy S23 smartphone with 200MP camera, Galaxy Book PCs",neutral,0.816138029
2023-02-01T10:12:22-05:00,Device shipments take a hit in 2022; 4.4% downfall expected in 2023,positive,0.800677836
2023-02-01T07:25:07-05:00,"White House seeks to lower U.S. credit card late fees, app charges",neutral,0.627775729
2023-01-31T13:43:40-05:00,"Apple unlawfully discourages employees from discussing workplace, NLRB finds",negative,0.753125489
2023-01-31T12:27:37-05:00,Only highest-end iPhone 16 expected to have periscope camera,neutral,0.895712018
2023-01-30T16:44:33-05:00,Why did Unity Software stock stock fall today? Tech falls ahead of earnings,negative,0.663461626
2023-01-30T08:41:56-05:00,Apple slips as Wells Fargo cuts estimates on increased signs of 'demand weakness',negative,0.961424112
2023-01-30T08:13:58-05:00,Jabil slips as India unit reportedly starts making AirPods components,negative,0.832881153
2023-01-30T07:16:32-05:00,"Apple is likely to unveil a foldable iPad next year, top analyst says",neutral,0.604377747
2023-01-29T12:00:00-05:00,"Apple is likely to report a weak Q1, but eyes will be on its outlook",negative,0.909500539
2023-01-29T10:31:00-05:00,"Netflix dominates most-streamed programs of '22, as original programming grows",neutral,0.892311037
2023-01-28T12:00:00-05:00,"Tech Roundup: Microsoft, Intel lead latest parade of earnings results",neutral,0.827437699
2023-01-27T13:59:31-05:00,Semiconductors largely buck Intel weakness as earnings kicks into high gear,negative,0.796383142
2023-01-27T12:55:12-05:00,"Earnings week ahead: Amazon, Apple, Meta, Alphabet, ExxonMobil, GM, AMD and more",neutral,0.936018705
2023-01-27T11:03:45-05:00,Apple may create tools to help users build AR apps for its upcoming headset,neutral,0.842594326
2023-01-26T13:00:58-05:00,Broadcom spikes as influential analyst says Apple has halted its own Wi-Fi chips,negative,0.955054641
2023-01-26T11:29:41-05:00,"Mobileye, STMicro lead semiconductors on strong Q4 results, forecasts",positive,0.700797617
2023-01-26T11:08:57-05:00,"Apple, Netflix, Coinbase among creditors owed money by crypto exchange FTX",neutral,0.529600859
2023-01-26T10:38:59-05:00,"This popular tech ETF leads all funds in capital outflows, despite rising 8% in 2023",positive,0.929255009
2023-01-26T08:04:20-05:00,"Q4 smartphone shipments down 18%, steepest fall in nine years",negative,0.975202143
2023-01-25T13:28:50-05:00,"With earnings on the way and antitrust pressure heating up, is Alphabet a buy?",neutral,0.787415087
2023-01-25T11:10:15-05:00,"Google will see limited financial hit from DOJ antitrust suit, analysts agree",negative,0.690590322
2023-01-24T13:06:01-05:00,"Oscar nominations show big drop for streamers Netflix, Apple and Amazon",negative,0.901772916
2023-01-23T13:06:49-05:00,"Banks behind Zelle to develop digital wallet to compete with PayPal, Apple (updated)",neutral,0.854112327
2023-01-23T07:33:37-05:00,Deutsche Bank trims Apple's 2023 estimates a week ahead of earnings,negative,0.520162225
2023-01-23T07:16:51-05:00,"Apple, Salesforce, Microsoft remain Wedbush's top picks as earnings season kicks off",positive,0.492751122
2023-01-23T06:45:10-05:00,"Apple looking to scale up production in India, says minister Piyush Goyal",positive,0.861055791
2023-01-23T05:47:07-05:00,Goldman tips stocks poised to best benefit from China's reopening,positive,0.934335887
2023-01-21T12:00:00-05:00,Apple is a 'best of both worlds' player as IT hardware looks to rebound,positive,0.507352948
2023-01-20T09:37:28-05:00,Apple appeals against investigation from UK regulator over cloud gaming,negative,0.883184373
2023-01-19T11:01:39-05:00,Apple boosts price of HomePod mini in various European countries,positive,0.935828149
2023-01-19T07:31:45-05:00,"Susquehanna upgrades Universal Display, but cautions on 'several' unknowns",positive,0.515298903
2023-01-18T16:58:53-05:00,Apple is working on new smart home products to compete with Amazon and Google,positive,0.87041688
2023-01-18T09:16:25-05:00,"Apple unveils new $299 HomePod, continuing product launch blitz",neutral,0.827837169
2023-01-18T08:57:47-05:00,Apple fined $17M by Russian regulatory agency over market share abuse,negative,0.945112944
2023-01-18T08:20:04-05:00,Apple rises even as Canaccord Genuity cuts estimates on consumer worries,negative,0.73765254
2023-01-18T02:35:26-05:00,"Apple plans cheaper mixed-reality headset, postpones AR glasses",neutral,0.868187308
2023-01-17T14:15:25-05:00,Apple claims top spot in fourth-quarter smartphone market,positive,0.878577352
2023-01-17T09:25:59-05:00,"Apple announces new MacBook Pro, Mac mini, new M2 Pro and M2 Max chips",neutral,0.751591802
2023-01-17T07:37:38-05:00,"Snap falls as JMP downgrades, citing declining time spent in US",negative,0.970149338
2023-01-16T19:43:28-05:00,Activist Ryan Cohen takes stake in Alibaba in push for more buybacks - report,neutral,0.878413498
2023-01-16T11:01:01-05:00,Credit Suisse expands 'Top of the Crop' list to five stocks,neutral,0.751597524
2023-01-14T12:00:00-05:00,"Tech Roundup: Apple, Disney lead week's activity as investors ease into action",positive,0.636383712
2023-01-14T10:31:00-05:00,"Netflix's 'Wednesday' tops streaming week, though HBO Max keeps building",positive,0.773139477
2023-01-13T04:18:50-05:00,Apple CEO Tim Cook asks for a big cut in compensation,negative,0.670970082
2023-01-12T07:56:29-05:00,"Wix.com upgraded by RBC Capital on pricing power, strong free cash flow",positive,0.945566237
2023-01-12T07:39:12-05:00,Apple App Store in line with UBS's expectations ahead of Q1 results,positive,0.936318517
2023-01-12T07:10:55-05:00,"Apple may release $99 AirPods, new AirPods Max headphones as soon as next year",neutral,0.851549566
2023-01-11T16:13:16-05:00,Apple is working on touch screen Macs and may introduce them as soon as 2025,neutral,0.808588386
2023-01-11T13:57:46-05:00,"Dell, HP sink as Citi says Q4 PC data shows 'worse than expected decline'",negative,0.973166227
2023-01-11T12:35:09-05:00,Cirrus Logic rises as analyst calls it 'primary winner' to potential iPhone change,positive,0.937032998
2023-01-11T09:02:52-05:00,"Apple rises even as Barclays cuts estimates on production, demand issues",negative,0.92483288
2023-01-11T07:47:38-05:00,Masimo gains after winning patent ruling related to Apple Watch,positive,0.459250689
2023-01-11T07:26:15-05:00,Apple will reportedly use custom-built display in devices as soon as next year,neutral,0.851903379
2023-01-10T13:25:32-05:00,Broadcom slips on Apple worries as chips mixed going into Q4 results,negative,0.965681076
2023-01-10T11:39:07-05:00,Taiwan Semiconductor rises even as company reports December revenue slowdown,negative,0.887558281
2023-01-10T10:37:27-05:00,Broadcom shares hit in reaction to Apple's wireless chip plans,negative,0.827611983
2023-01-10T09:18:14-05:00,"AMD, Intel slip as BofA cuts PC estimates for first half of 2023",negative,0.967548966
2023-01-09T16:38:02-05:00,Apple looking to wave goodbye to Broadcom chipset by 2025,neutral,0.618610859
2023-01-09T14:54:18-05:00,Key Apple services exec reportedly leaving the company this month,negative,0.59777087
2023-01-09T08:00:00-05:00,Investor movement index unchanged in last month of 2022,negative,0.74056077
2023-01-06T12:05:19-05:00,Qualcomm jumps as analyst calls it 'biggest winner' from Apple canceling iPhone SE,positive,0.503550053
2023-01-05T15:00:06-05:00,Qualcomm slips even as company announces satellite feature for high-end Androids,negative,0.950454295
2023-01-05T09:23:10-05:00,"Apple 'firmly remains' Wedbush's top pick, adds tech sector is 'overlooked'",negative,0.923421562
2023-01-05T08:03:32-05:00,AppLovin slips as Benchmark starts coverage with sell rating,negative,0.932659268
2023-01-05T07:43:42-05:00,"Apple rises as Foxconn reports December sales jump, key iPhone plant near 'normal'",positive,0.893564939
2023-01-04T12:31:50-05:00,'Apple should be a $250 stock' - Loup Ventures' Gene Munster,neutral,0.906523466
2023-01-03T14:10:00-05:00,Apple hires Disney executive to head Apple TV+ marketing,neutral,0.928602397
2023-01-03T12:14:48-05:00,Nvidia leads semiconductors lower to start 2023 off in the red,negative,0.837256432
2023-01-03T10:26:11-05:00,"Apple dips below $2T as it reportedly cuts MacBook, Apple Watch, AirPod orders",negative,0.962861717
2023-01-03T09:25:00-05:00,"Apple may be cutting MacBook, Apple Watch production levels",negative,0.954901934
2023-01-03T09:23:18-05:00,"Apple App Store sees growth in December, first time since June",positive,0.940150321
2023-01-03T08:24:08-05:00,"Iridium smartphone contract signed, $20M revenue estimate could be conservative",neutral,0.599187672
2023-01-03T07:15:25-05:00,Apple rises as key iPhone manufacturing facility reportedly nears 90% capacity,positive,0.908792257
2022-12-31T15:00:00-05:00,"Just how much market cap did Apple, Meta and the biggest tech companies lose in 2022?",negative,0.666760325
2022-12-30T13:11:43-05:00,Apple CEO Cook reportedly lays out concerns to Japan's PM over app regulations,negative,0.601140738
2022-12-29T16:16:20-05:00,"Skyworks Solutions, Nvidia lead chips higher on second-to-last trading day of 2022",positive,0.947811007
2022-12-29T10:09:26-05:00,Apple rebounds as Foxconn iPhone plant reportedly at 70% capacity,positive,0.766987205
2022-12-28T16:00:12-05:00,Apple hits 52-week low as iPhone estimates continue to fall,negative,0.961642683
2022-12-28T08:33:30-05:00,"4 stocks to watch on Wednesday: Apple, Pfizer and more",neutral,0.912423193
2022-12-28T07:25:08-05:00,Apple iPhone 14 Pro likely still in short supply as Trendforce cuts estimates,negative,0.962061107
2022-12-27T07:46:17-05:00,Apple 'unlikely' to use foldable iPad as replacement for iPad mini in 2025,neutral,0.851249456
2022-12-27T07:13:15-05:00,Apple Japan being fined $98M for not charging tourists consumption tax,negative,0.864244521
2022-12-23T10:10:25-05:00,"Apple nears 52-week low, awaits President Biden decision on patent infringement",negative,0.736978114
2022-12-23T09:15:19-05:00,"YouTube getting NFL Sunday Ticket could 'accelerate' subscriber growth, Citi says",positive,0.945920348
2022-12-23T07:15:38-05:00,Taiwan Semiconductor rises as it reportedly considers Germany for its first European plant,positive,0.914049387
2022-12-22T13:36:50-05:00,Roblox sinks 8% as weakness persists following November bookings,negative,0.974510074
2022-12-22T12:05:02-05:00,Goldman Sachs expands ties with Apple to grow consumer banking presence,positive,0.913272977
2022-12-22T09:56:38-05:00,YouTube scores with new deal for NFL Sunday Ticket,neutral,0.719468892
2022-12-22T08:15:41-05:00,Apple slips as Needham cuts 2023 estimates but firm highlights potential ad boost,negative,0.872572482
2022-12-22T07:58:48-05:00,Taiwan Semiconductor rises as Tesla reportedly picks fab over Samsung for 4nm chip orders,positive,0.780454338
2022-12-21T11:59:40-05:00,Will 2023 be another rough year for trillion-dollar market cap techs?,negative,0.73925817
2022-12-21T09:09:16-05:00,"Apple: Six reasons why its shares could rise, not including the Apple Car",neutral,0.735742569
2022-12-20T22:17:02-05:00,Google's YouTube said in talks for rights to NFL Sunday Ticket - reports,neutral,0.879083693
2022-12-20T16:35:24-05:00,Streaming services shouldn't count on consolidation as an industry fix - Rosenblatt's Barton Crockett,neutral,0.86431855
2022-12-20T10:56:40-05:00,Will Apple see a Scrooge-like Christmas for iPhones?,neutral,0.925244689
2022-12-20T09:23:41-05:00,"The Trade Desk rises as Piper Sandler initiates with overweight rating, sees 30% upside",positive,0.928438187
2022-12-20T07:17:24-05:00,Apple is reportedly moving some MacBook production out of China and into Vietnam,positive,0.519568026
2022-12-19T08:36:57-05:00,Wedbush Securities is bullish on tech despite the darker 2023 macro overhanging cloud,positive,0.89454633
2022-12-17T12:00:00-05:00,"Tech Roundup: Chinese tech activity, Twitter and Musk drama steal investors' attention",negative,0.594869316
2022-12-17T11:00:00-05:00,"Apple tops Wedbush's 2023 tech picks; Microsoft, Salesforce also shine",neutral,0.577712059
2022-12-16T09:19:18-05:00,"AMD, Qualcomm, Nvidia, Broadcom among Bernstein's top semi picks for 2023",neutral,0.812606096
2022-12-16T08:29:52-05:00,Roblox slips as BofA cuts estimates after weak November bookings,negative,0.970283687
2022-12-16T08:14:34-05:00,"Apple likely to have a 'moonshot' year in 2023, Evercore ISI says",neutral,0.591109872
2022-12-16T07:53:47-05:00,22 numbers to note from 2022 from Bank of America,neutral,0.889927626
2022-12-16T07:35:52-05:00,"Meta Platforms upgraded by J.P. Morgan on 'increased discipline,' better sales outlook",positive,0.955897689
2022-12-15T12:47:03-05:00,Sony reportedly looking into building new smartphone image sensor factory in Japan,neutral,0.759224594
2022-12-14T08:14:29-05:00,"Apple's sideloading could benefit dating, games; add risk for Google",negative,0.448542714
2022-12-14T07:48:31-05:00,"Apple allowing 3rd party app stores is 'more bark than bite,' Morgan Stanley says",neutral,0.90268594
2022-12-14T07:23:39-05:00,Alibaba reportedly can't buy some of Arm's advanced chip designs due to export controls,negative,0.890907645
2022-12-13T14:28:48-05:00,"Apple may allow alt app stores on iPhones, iPads to meet EU rules",neutral,0.586411476
2022-12-13T11:31:28-05:00,Apple expands availability of iPhone 14 Emergency SOS feature to western Europe,positive,0.737674832
2022-12-13T08:43:02-05:00,Nvidia pops as Citi ponders whether ChatGPT could be a 'Pokemon Go' moment for AI,neutral,0.522497177
2022-12-13T08:05:01-05:00,10 most Overweight and Underweight stocks in long-only U.S. funds,neutral,0.522188425
2022-12-12T10:22:32-05:00,Microsoft among Credit Suisse's latest 'Top of the Crop' ideas,neutral,0.725387633
2022-12-12T08:14:27-05:00,Apple to partner with Tata Group to bring 100 exclusive Apple stores to India: report,positive,0.846436739
2022-12-12T07:37:06-05:00,"Qualcomm dips on Wells Fargo downgrade, firm cites chip weakness, high smartphone exposure",negative,0.964750409
2022-12-12T07:16:45-05:00,"Apple rises even as Barclays notes December likely to see lower supply, 'waning demand'",negative,0.970659554
2022-12-11T11:00:00-05:00,Apple: 5 topics that should be on investors' minds,neutral,0.940936804
2022-12-11T10:32:00-05:00,"New 'Manifest,' 'Crown' help Netflix pile up multibillion-minute hits",positive,0.724417329
2022-12-10T12:00:00-05:00,Tech Roundup: Chips and Chinese techs are in the sun,neutral,0.826265633
2022-12-09T09:18:40-05:00,Apple workers in Australia could strike before Christmas,negative,0.936757505
2022-12-09T08:52:48-05:00,Apple signs global patent license deal with Ericsson,positive,0.810504019
2022-12-09T08:41:55-05:00,"Broadcom pops as analysts praise 'particularly impressive' Q4, guidance",positive,0.940241575
2022-12-09T05:43:27-05:00,"Credit Suisse cuts near-term Apple iPhone sales estimate, but stays bullish",negative,0.909729242
2022-12-08T12:43:04-05:00,"Nvidia, NXP among biggest semiconductor gainers ahead of Broadcom's Q4 results",positive,0.838915586
2022-12-08T10:59:25-05:00,Foxconn founder urged Chinese officials to hasten removing zero-COVID plans: report,neutral,0.89102459
2022-12-08T09:13:21-05:00,Apple manufacturing partner Foxconn ends 'closed-loop' system at Zhengzhou iPhone plant,neutral,0.527873456
2022-12-08T09:01:12-05:00,Alibaba shares lead Chinese tech gains on Beijing's new COVID guidelines,positive,0.922352016
2022-12-08T08:49:21-05:00,"Oracle, Google 'shining like a bright star' in $9B Pentagon cloud deal",positive,0.652697504
2022-12-08T07:53:35-05:00,Twitter reportedly to raise price of Twitter Blue service for iPhone users,positive,0.847302496
2022-12-07T13:23:20-05:00,"Apple working on new encryption system to keep hackers at bay, protect data: report",neutral,0.849682212
2022-12-07T08:29:04-05:00,Apple slips as Morgan Stanley cuts iPhone estimates again,negative,0.958841801
2022-12-07T07:48:54-05:00,Taiwan Semi sees $10B in revenue from Arizona plant; Taiwan reassures commitment,positive,0.945168138
2022-12-06T15:16:42-05:00,Netflix co-chief looks to growth rebound in 2023,positive,0.948520899
2022-12-06T15:00:21-05:00,Apple pushes self-driving car launch to 2026 but still eyes major EV industry disruption,neutral,0.879057288
2022-12-06T13:35:29-05:00,Apple drops even as UBS sees evidence of improving iPhone 14 Pro wait times,positive,0.564370096
2022-12-06T13:17:32-05:00,U.S. lawmakers propose scaling back controls of Chinese chips for government use: report,neutral,0.888559461
2022-12-06T10:43:46-05:00,"Apple, Nvidia CEOs to join President Biden at Taiwan Semi chip plant in Arizona",neutral,0.932922602
2022-12-06T09:48:51-05:00,Microsoft: Google and Apple's mobile search in sights with possible new 'super app',positive,0.638751149
2022-12-06T07:24:07-05:00,"Apple launches self service repair in Europe, expands availability of HomePod mini",positive,0.824478686
2022-12-06T06:16:30-05:00,Taiwan Semiconductor lifts chip investment in Arizona to $40B,positive,0.946054876
2022-12-05T13:08:12-05:00,Apple may increase iPad production in India in move away from China: report,positive,0.844669819
2022-12-05T10:32:05-05:00,"Apple supplier Foxconn reports sharp drop in November revenue on COVID outbreak, protests",negative,0.975156128
2022-12-05T08:14:39-05:00,"4 stocks to watch on Monday: Apple, Tesla and more",neutral,0.907352686
2022-12-05T08:00:00-05:00,Investor movement index turns lower in November as 2022 winds down,negative,0.972156942
2022-12-05T07:35:24-05:00,"Apple, Nvidia to be first customers of Taiwan Semiconductor Arizona plant",neutral,0.756928325
2022-12-05T07:09:15-05:00,Apple is looking to diversify its supply chain beyond China,positive,0.879995644
2022-12-04T08:51:11-05:00,Elon Musk says Apple has 'fully resumed' advertising on Twitter (update),neutral,0.806816757
2022-12-04T06:46:25-05:00,The $5 trillion fund favorites: 12 stocks mutual and hedge funds love,neutral,0.945429087
2022-12-03T12:30:00-05:00,"Tech Roundup: Elon Musk makes peace with Tim Cook, and Apple sees more issues from China",neutral,0.737639844
2022-12-03T12:00:00-05:00,"Disney's strategy, ad spending to highlight challenging media market in 2023",neutral,0.673739195
2022-12-02T10:53:02-05:00,Smartphone markets recovering slower than expected in 2022,negative,0.946761847
2022-12-01T17:07:31-05:00,Coinbase forced by Apple to stop NFT transfers on its iOS wallet app,negative,0.929891586
2022-12-01T15:48:44-05:00,"Apple increases work on mixed reality headset, renames operating system: report",neutral,0.822862029
2022-12-01T08:56:21-05:00,Apple estimates cut at Piper Sandler on China COVID issues,neutral,0.644051373
2022-12-01T07:48:07-05:00,Apple manufacturing partner to remain in closed-loop even as Zhengzhou opens up: report,neutral,0.803984344
2022-12-01T07:28:32-05:00,"Apple slips as UBS cuts iPhone build estimates, citing China disruptions",negative,0.957650661
2022-12-01T05:20:47-05:00,TSMC to build advanced 4nm chips at new Arizona plant,neutral,0.800624251
2022-11-30T16:08:10-05:00,Elon Musk thanks Tim Cook for taking him around Apple HQ,neutral,0.779361367
2022-11-30T15:12:31-05:00,Roblox taps Apple media veteran to lead core engineering - report,neutral,0.792404592
2022-11-30T14:38:08-05:00,"Augmented and Virtual Reality spending to reach $13.8B in 2022, ~32% growth",positive,0.90430975
2022-11-30T14:33:04-05:00,ESPN chief: Live sports still a draw; no sportsbook deal imminent,neutral,0.778967202
2022-11-30T13:35:42-05:00,"Apple rises even as Baird cuts estimates, sees 8M fewer iPhone units in December quarter",positive,0.613594532
2022-11-30T09:39:32-05:00,Apple supplier offers bonuses to boost staff as it tries to ramp iPhone production: report,positive,0.660213292
2022-11-30T08:36:45-05:00,Elon Musk says the Fed must cut rates immediately,negative,0.848677456
2022-11-30T07:53:48-05:00,Apple's future in China up in the air as country ends lockdown in 'iPhone city:' Ives,neutral,0.763050914
2022-11-29T16:15:54-05:00,Netflix stacks up billion-minute shows in streaming ratings,neutral,0.927092552
2022-11-29T14:33:19-05:00,Elon Musk: 'The people have spoken' on Apple and censorship,neutral,0.900263369
2022-11-29T14:16:41-05:00,"PayPal, Venmo maintain strong market share in Black Friday shopping - Wedbush",positive,0.809852242
2022-11-29T11:32:04-05:00,Apple drops as key analyst says iPhone 14 Pro shipments could be 20M less than expected,negative,0.960244298
2022-11-28T16:46:10-05:00,"Elon Musk tweaks Apple over ads, Twitter's App Store future",neutral,0.925991118
2022-11-28T15:38:50-05:00,Google increasing heat on Apple over NFL Sunday Ticket package as talks linger: report,negative,0.878555238
2022-11-28T13:41:36-05:00,Micron leads semiconductors lower as research firm expects chip revenue to drop in 2023,negative,0.973416924
2022-11-28T12:44:46-05:00,Disney's Iger: Hiring freeze stays for now; Apple merger talk 'speculation' (updated),negative,0.830247462
2022-11-28T10:20:28-05:00,"Alibaba, Tencent lead Chinese tech gains even as 'zero-Covid' protests continue",positive,0.917071402
2022-11-28T08:20:22-05:00,"4 stocks to watch on Monday: Apple, Shopify and more",neutral,0.902698159
2022-11-28T07:22:27-05:00,"Apple, suppliers slip as tech giant in 'cross-fire' of China's zero COVID policy: Wedbush",negative,0.942150772
2022-11-28T04:17:54-05:00,Apple facing shortfall of 6 million iPhone Pros amid China protests - report,negative,0.948016882
2022-11-25T12:28:07-05:00,Iridium rises as William Blair calls possible Samsung deal 'significant positive',positive,0.93849206
2022-11-25T10:45:14-05:00,Apple dips as iPhone production in November may fall 'at least 30%' due to unrest: report,negative,0.970043659
2022-11-25T10:44:26-05:00,"Apple slips as Wedbush checks show 'major' iPhone shortages, as much as 30% below normal",negative,0.966146231
2022-11-25T08:18:11-05:00,"4 stocks to watch on Friday: Apple, Tesla and more",neutral,0.916016877
2022-11-25T05:45:00-05:00,"Black Friday is here. Now, what tech deals do consumers prefer?",neutral,0.92116487
2022-11-25T04:06:01-05:00,Economy watch: China maintains zero-COVID policy despite record infections,neutral,0.729979932
2022-11-24T10:16:04-05:00,Apple eyeing Manchester United takeover: Daily Star,neutral,0.927077293
2022-11-24T06:41:08-05:00,Foxconn issues apology following iPhone plant protest,negative,0.931787729
2022-11-23T12:40:15-05:00,"Apple Cash hits snag, some users may be unable to send, receive money",negative,0.919231832
2022-11-23T08:57:13-05:00,"Apple seeing 'strong' iPhone demand into Black Friday, but supply worries persist: Wedbush",negative,0.869102597
2022-11-23T07:27:40-05:00,Apple slips as viral videos show hundreds of workers protesting at Foxconn iPhone plant,negative,0.952952981
2022-11-22T07:33:48-05:00,"Apple, Google duopoly under scrutiny as UK regulator launches probe into cloud gaming",negative,0.903224289
2022-11-21T07:15:59-05:00,"Taiwan Semi will build advanced chips in Arizona, plans not finalized yet: founder",neutral,0.888067305
2022-11-20T10:31:00-05:00,Streaming grows TV-usage lead even as Broadcast marks seasonal growth,positive,0.820795417
2022-11-18T12:05:43-05:00,"Italian court rejects Google appeal over fine, accepts plea from Apple: report",negative,0.51642853
2022-11-18T07:39:10-05:00,Apple manufacturing partner pauses hiring due to limited quarantine space: report,negative,0.951235712
2022-11-17T15:33:20-05:00,"Google looked to pay Activision, others to stop app store rivals, Epic Games says",neutral,0.791773379
2022-11-16T18:00:00-05:00,"Qualcomm unveils Snapdragon AR2 for AR glasses, sound platform, more at company event",neutral,0.915540636
2022-11-16T12:34:57-05:00,Apple launching its MLS streaming service Feb. 1,neutral,0.905493259
2022-11-16T08:30:07-05:00,"Apple iPhone wait times seen hitting 'high-end' of extreme levels, UBS says",negative,0.784758985
2022-11-15T17:12:41-05:00,Apple CEO Cook says tech giant will start sourcing chips from Arizona in 2024: report,neutral,0.882880628
2022-11-15T13:00:59-05:00,Warren Buffett's big Taiwan Semiconductor buy spurs rally in chip names,positive,0.723055005
2022-11-14T12:06:40-05:00,"Apple not expected to compete with Meta, Google at same level for advertising biz: report",neutral,0.890050232
2022-11-14T09:11:17-05:00,Apple slips as J.P. Morgan tweaks iPhone shipment forecast for holiday quarter,negative,0.935437202
2022-11-14T07:19:50-05:00,"Thousands of apps in App Store, Google Play Store use code from Russian company: report",neutral,0.947225928
2022-11-13T10:32:00-05:00,'Watcher' keeps Murphy and Netflix on top of streaming ratings,neutral,0.890756547
2022-11-12T12:00:00-05:00,"Tech Roundup: Meta's job cuts, Twitter's upheaval drive sector's erratic activity",negative,0.920116246
2022-11-11T09:39:57-05:00,"Don't buy, rent the pivot with tech still in for stormy seas, BofA says",neutral,0.738607883
2022-11-11T07:20:59-05:00,Foxconn to raise workforce at Indian iPhone plant by four times in next two years: report,positive,0.881887197
2022-11-10T10:21:00-05:00,Taiwan Semiconductor surges as foundry giant says October sales rise 56%; chip stocks rise,positive,0.940222085
2022-11-10T08:43:18-05:00,Apple announces $450M investment to power new Emergency SOS service on iPhone 14,neutral,0.506847441
2022-11-10T08:21:07-05:00,Apple partner Foxconn says it will tweak production to avoid holiday disruptions: report,neutral,0.572928071
2022-11-10T07:52:54-05:00,KeyBanc reiterates overweight on Apple as carrier survey shows mixed iPhone 14 demand,negative,0.950309575
2022-11-09T11:03:17-05:00,Morgan Stanley returns to ETF market with fund meant to limit losses,positive,0.855631769
2022-11-09T10:32:47-05:00,"Logitech, Garmin mixed as Barclays starts coverage on consumer tech names",negative,0.426926583
2022-11-09T09:07:47-05:00,iPhone factory in Zhengzhou still subject to COVID-19 restrictions as China lifts lockdown,negative,0.749415398
2022-11-08T13:34:28-05:00,"Netflix increasingly interested in live sports, bid for ATP tennis tour: report",neutral,0.903533638
2022-11-08T09:55:49-05:00,BlackRock prepares to launch another environmentally friendly ETF,neutral,0.743067205
2022-11-08T07:55:19-05:00,"Apple rises even as Morgan Stanley, UBS tweak estimates on China-related iPhone issues",negative,0.471215844
2022-11-08T07:21:30-05:00,Digital levies may be resurrected if global tax deal flops,negative,0.611029267
2022-11-07T16:27:47-05:00,Apple erases losses tied to China-related iPhone issues; analysts reaffirm strength,negative,0.723920524
2022-11-07T08:14:59-05:00,"5 stocks to watch for Monday: Apple, Meta Platforms, BioNTech and more",neutral,0.927809238
2022-11-06T19:09:34-05:00,Apple warns of lower iPhone 14 shipments due to China COVID issues,negative,0.965673745
2022-11-05T12:00:00-04:00,"Apple is desperately trying to move away from China, but it won't happen any time soon",neutral,0.833123028
2022-11-05T12:00:00-04:00,"Tech Roundup: Earnings reports, and investors' responses, dominate week's activity",neutral,0.922506273
2022-11-04T16:02:27-04:00,"Advanced Micro Devices, Intel, Nvidia lead chips higher to end brutal week for tech",positive,0.875263631
2022-11-04T09:31:43-04:00,EchoStar downgraded by Raymond James on lack of near-term catalysts,negative,0.947355568
2022-11-04T09:20:03-04:00,Apple adding new iPhone manufacturing partner in India as it shifts from China: report,positive,0.707854033
2022-11-03T15:57:09-04:00,Should SpaceX buy Boeing? One investor says ¡®yes¡¯,neutral,0.911928654
2022-11-03T10:31:37-04:00,Apple dips even as Morgan Stanley wonders if the App Store bottomed in September,negative,0.915899992
2022-11-03T05:17:39-04:00,"Apple now worth more than Alphabet, Amazon and Meta combined",neutral,0.825146794
2022-11-02T09:04:41-04:00,Apple's iPhone partner at center of new Chinese Covid lockdown,neutral,0.649962366
2022-11-01T12:55:12-04:00,Apple gets nipped on report of App Store sales decline,negative,0.929177284
2022-11-01T06:48:17-04:00,China's COVID controls hits Shanghai Disney and iPhone output,positive,0.503175318
2022-10-29T12:00:00-04:00,Tech Roundup: Elon Musk gets Twitter as six-month saga comes to a close,neutral,0.772284627
2022-10-28T16:27:15-04:00,Why did Apple shares rise nearly 8% on Friday? It's a 'Rock of Gibraltar' in big tech,neutral,0.83222729
2022-10-28T08:37:24-04:00,"5 stocks to watch for Friday: Apple, Intel, Exxon and more",neutral,0.911752224
2022-10-28T07:51:22-04:00,Equal weight S&P 500 ETF outperforms traditional S&P funds as it sheds megacap weightings,positive,0.914495647
2022-10-28T07:35:55-04:00,Apple stock edges up; Wall Street expresses support for the 'Last FAANG Standing',positive,0.929603457
2022-10-27T18:15:48-04:00,Apple tries to temper some expectations heading into the end of the year,positive,0.59832114
2022-10-27T16:41:56-04:00,"Apple results top forecasts as iPhone, services lead strong quarterly sales",positive,0.93319577
2022-10-27T16:31:56-04:00,Apple declares $0.23 dividend,neutral,0.847179413
2022-10-27T16:31:26-04:00,"Apple GAAP EPS of $1.29 beats by $0.02, revenue of $90.15B beats by $1.38B",neutral,0.751934111
2022-10-27T07:00:00-04:00,"Apple: Results expected to beat forecasts, but outlook will set tone for next year",positive,0.909212768
2022-10-25T12:56:53-04:00,"Nvidia, Advanced Micro Devices lead chips higher as investors await Mobileye IPO",positive,0.865868688
2022-10-25T11:04:49-04:00,"As Apple, Microsoft and Alphabet report results, tech stocks face 'a moment of truth'",neutral,0.401776701
2022-10-25T10:58:42-04:00,"Apple's media price hike drives positives for Spotify, Warner Music - analysts",positive,0.904998839
2022-10-25T10:55:26-04:00,Strong megacap earnings could trigger year-end rally - Defiance ETFs,negative,0.74402988
2022-10-25T07:00:00-04:00,Intel's Mobileye self-driving unit expected to go public this week: what to know,neutral,0.941657424
2022-10-24T12:44:15-04:00,"Apple hiking U.S. prices for Music, TV for the first time",positive,0.700691998
2022-10-24T11:38:58-04:00,PayPal rolls out option for U.S. accounts to log in without passwords via Apple devices,neutral,0.792093992
2022-10-23T12:02:00-04:00,"Broadcast gets a sports bump, but streaming still holds TV usage crown",neutral,0.828261673
2022-10-23T12:00:00-04:00,"Apple expected to beat earnings forecasts, set tone for a big end to the year",positive,0.939812422
2022-10-22T12:00:00-04:00,"Tech Roundup: Netflix, IBM lead start of tech earnings parade; Musk and Twitter continue on their march",neutral,0.824131906
2022-10-21T17:18:08-04:00,S&P 500 gains over 4% for the week amid hopes of Fed easing up on rate-hiking spree,positive,0.781897247
2022-10-21T14:15:57-04:00,"Earnings week ahead: Apple, Alphabet, Amazon, Meta, Boeing and more",neutral,0.93369633
2022-10-21T10:50:52-04:00,Apple hardware design chief Evans Hankey leaving: report,neutral,0.535608947
2022-10-21T07:12:12-04:00,Foxconn says production at iPhone factory is normal amid COVID restrictions: report,neutral,0.792708874
2022-10-21T05:58:27-04:00,10-year Treasury yield has a path to 4.5% that could herald the stock market bottom,negative,0.488671094
2022-10-20T11:38:47-04:00,Apple announces Fitness+ coming to iPhones starting next week,neutral,0.822591603
2022-10-19T13:39:47-04:00,Chips mostly lower as yields rise; ASML guidance buoys semiconductor equipment stocks,negative,0.67458111
2022-10-19T07:57:36-04:00,Taiwan Semiconductor considers expansion into Japan as geopolitical risk rises: report,neutral,0.527688801
2022-10-19T07:51:29-04:00,Foxconn ramps up electric vehicle push and eyes Tesla as a partner,positive,0.822077453
2022-10-18T14:55:37-04:00,Apple erases gains as it reportedly cuts iPhone 14 Plus production shortly after debut,negative,0.970528841
2022-10-18T11:17:20-04:00,"Apple unveils new cheaper Apple TV 4K, iPad Pro with M2 processor, redesigned iPad",positive,0.678340435
2022-10-18T09:59:33-04:00,Google boosting device production as Apple keeps taking share from Samsung: report,positive,0.915611684
2022-10-18T07:36:21-04:00,Apple restores Russia-backed apps to App Store: report,neutral,0.824108601
2022-10-18T07:20:34-04:00,"Barclays upgrades Jamf Holding, downgrades UiPath, Walkme, Pegasystems, Descartes",neutral,0.902874231
2022-10-17T07:38:44-04:00,Apple named top pick at Morgan Stanley even as consumer risk concerns continue to rise,positive,0.884925783
2022-10-17T07:13:11-04:00,Apple slated to unveil new iPad Pro in 'matter of days': report,neutral,0.933978379
2022-10-17T05:25:13-04:00,Apple pauses plans to implement China's YMTC chips amid new U.S. export regulations,positive,0.853562117
2022-10-16T10:03:27-04:00,Netflix's 'Cobra Kai' kicks over streaming-show rivals,neutral,0.656488001
2022-10-15T12:30:00-04:00,"Apple Q4 earnings to benefit from iPhone 14 Pro strength, Credit Suisse says",positive,0.953522146
2022-10-15T12:00:00-04:00,Tech Roundup: Chip stocks feel the heat from new U.S. rules about business with China,neutral,0.539082348
2022-10-14T13:48:00-04:00,Chip-stock swoon leads slate of broad tech losses,negative,0.946047068
2022-10-14T09:50:10-04:00,"Apple's mixed reality headset to include iris scanning for payments, logging in: report",neutral,0.882624388
2022-10-13T11:46:15-04:00,Apple Card to introduce high-yield savings account with Goldman Sachs,neutral,0.761559069
2022-10-13T09:24:24-04:00,Microsoft rebrands Microsoft Office as Microsoft 365,neutral,0.936769187
2022-10-13T09:15:56-04:00,Meta Platforms slips even as Bernstein names it the firm's top pick,negative,0.961197853
2022-10-13T07:44:13-04:00,"Apple bringing iCloud Photos, Apple Music, Apple TV to Microsoft platforms",neutral,0.929840386
2022-10-12T15:45:16-04:00,Spotify dips lower on report that TikTok parent Bytedance plans expanding music-streaming,negative,0.96055913
2022-10-12T15:32:16-04:00,Apple said holding back new benefits to unionized retail store employees,negative,0.868504405
2022-10-12T09:20:51-04:00,Apple and Meta poised to be winners when tech market turns - Loup Ventures' Gene Munster,positive,0.554463625
2022-10-12T07:40:44-04:00,Citi lists five reasons not to be spooked by Apple this Halloween,neutral,0.879935086
2022-10-11T14:10:27-04:00,Skyworks Solutions slips as Wells Fargo downgrades on worries over slowing 5G growth,negative,0.964422882
2022-10-11T11:41:11-04:00,Worldwide PC shipments sink Q3 on uneven supply and slowing demand,negative,0.973253608
2022-10-11T07:53:05-04:00,"Qorvo slips on Wells Fargo downgrade, citing worries over sentiment, smartphone exposure",negative,0.946728826
2022-10-11T07:24:23-04:00,Apple slips even as KeyBanc raises estimates on strong iPhone 14 Pro sales,negative,0.802441418
2022-10-10T09:17:48-04:00,"Apple sees strong Mac growth in Q3, other PC vendors shrink on weak demand, supply: IDC",negative,0.957543671
2022-10-10T08:51:41-04:00,"Meta Platforms set to show metaverse vision at Connect conference: Monness, Crespi, Hardt",neutral,0.918155074
2022-10-10T08:14:52-04:00,"5 stocks to watch for Monday: Ford, GM, Apple and more",neutral,0.90714407
2022-10-10T07:11:47-04:00,"Apple iPad may see near-term COVID headwinds as demand slows, BofA says",negative,0.969060481
2022-10-10T04:43:08-04:00,Earnings season kicks off with gloomy expectations,negative,0.964321554
2022-10-09T10:02:00-04:00,"Streaming spreads the wealth, as several shows hit 1B minutes",neutral,0.665681541
2022-10-08T12:05:00-04:00,Tech Roundup: Elon Musk keeps the Twitter drama raging,neutral,0.914202988
2022-10-08T12:00:00-04:00,Tech earnings to show if 'awful few months' will linger into next year,positive,0.758243322
2022-10-07T10:18:31-04:00,"Samsung, SK Hynix may be exempt from restrictions on Chinese memory chipmakers: report",neutral,0.926343501
2022-10-07T08:55:35-04:00,"AppLovin slips as Needham starts coverage, but sees further competition with Apple, Google",negative,0.949538946
2022-10-07T07:13:34-04:00,Apple discussing 2nm chips with Taiwan Semi for production as soon as 2025: report,neutral,0.894888341
2022-10-06T10:13:00-04:00,"With earnings on tap, tech titans like Microsoft and Intel are coming off 52-week-lows",negative,0.731062829
2022-10-06T10:08:23-04:00,"Google launches Pixel 7 phones at $599 and $899, and Pixel Watch at $350 and $400 (updated)",neutral,0.939100802
2022-10-06T09:56:49-04:00,"Apple antitrust fine cut drastically by French court, now worth $366M: report",negative,0.734574318
2022-10-06T08:16:54-04:00,"Apple slips as UBS says iPhone wait times easing, indicating 'flattish unit growth'",positive,0.824838817
2022-10-05T16:52:14-04:00,Advanced Micro Devices edges up even as worries over data centers emerge,positive,0.842102468
2022-10-05T08:58:42-04:00,Taiwan Semiconductor rises as Morgan Stanley calls it 'the enabler of future technology',positive,0.837419748
2022-10-05T05:42:12-04:00,"Apple asks suppliers to shift some AirPods, Beats production to India",neutral,0.7858482
2022-10-04T13:14:44-04:00,"Micron spending plans, 'cautious optimism' from Apple partner lead semiconductors higher",positive,0.907963574
2022-10-04T11:45:02-04:00,"Apple, others required to use USB-C charging port by 2024 as EU passes reform",neutral,0.931840003
2022-10-04T07:31:10-04:00,Foxconn 'cautiously optimistic' about Q4 as it reports record September results,positive,0.913591683
2022-10-04T07:18:29-04:00,"Apple iPhone exports from India double, surpass $1B: report",positive,0.886883318
2022-10-03T11:15:29-04:00,Apple dealt blow as SCOTUS declines to hear appeal over Qualcomm patents,negative,0.948772192
2022-10-03T10:10:24-04:00,"Italian court scraps fines on Apple, Amazon over alleged sales collusion: report",negative,0.921066642
2022-10-03T08:12:59-04:00,App Store sees 'worst decline in history of data' as September net revenue falls 5%: MS,negative,0.973348439
2022-10-03T07:14:07-04:00,Sony set to make 2M PlayStation VR2 units by March 2023: report,neutral,0.896616518
2022-09-30T14:42:32-04:00,Apple iPhone 14 demand is strengthening as Pro lead times continue to expand: Evercore,positive,0.949367583
2022-09-30T09:25:10-04:00,Watch Apple and Tesla for a tradable bottom in the stock market - BTIG,neutral,0.558142424
2022-09-29T15:07:10-04:00,Apple procurement chief leaving after crude remarks on viral TikTok video surface: report,neutral,0.732978642
2022-09-29T13:27:15-04:00,"Semiconductors plunge as PC weakness continues, BofA downgrades Apple",negative,0.959655285
2022-09-29T09:56:44-04:00,"Rosenblatt upgrades Apple, citing 'substantial interest' in high-end iPhone, Apple Watch",positive,0.864350379
2022-09-29T08:33:24-04:00,"Cirrus Logic, Skyworks, Qorvo most likely to be impacted from lower iPhone sales: BofA",negative,0.848957479
2022-09-29T07:12:39-04:00,Apple falls as BofA hits it with rare downgrade on worries over weaker consumer demand,negative,0.939155161
2022-09-28T11:23:24-04:00,"Taiwan Semiconductor asked for 2023 price increase from Apple, tech giant said no: report",positive,0.786675155
2022-09-28T09:32:33-04:00,"Apple pulls VK apps from App Store, Russia demands explanation",negative,0.674258113
2022-09-28T09:27:47-04:00,"Apple falls on iPhone 14 worries, Wedbush's Ives says iPhone Pro model is 'key' focus",positive,0.774223804
2022-09-28T08:54:36-04:00,Apple stock could test June lows,negative,0.95430702
2022-09-28T08:13:14-04:00,"4 stocks to watch on Wednesday: Apple, UiPath and more",neutral,0.916421294
2022-09-28T06:06:31-04:00,Apple suppliers fall on report firm is ditching iPhone production boost,negative,0.962762773
2022-09-27T22:45:43-04:00,Stock futures slide amid report Apple is ditching iPhone production boost,negative,0.962851763
2022-09-27T13:08:59-04:00,"Chips mixed as Intel unveils new data center GPUs, Gelsinger bemoans existing offerings",negative,0.905719101
2022-09-27T07:16:45-04:00,Taiwan Semiconductor rises even as 'major' customers may cut back 2023 orders: report,negative,0.706229925
2022-09-26T13:02:50-04:00,Apple ekes out gains as J.P. Morgan points to strong iPhone 14 sales volume,positive,0.932280242
2022-09-26T07:33:15-04:00,"Apple, Oprah Winfrey to end content partnership",neutral,0.82930696
2022-09-26T07:19:56-04:00,Apple confirms iPhone 14 production in India as it diversifies away from China,positive,0.918471515
2022-09-23T06:29:49-04:00,Apple replaces Pepsi as Super Bowl halftime show sponsor,neutral,0.764540255
2022-09-22T14:15:56-04:00,Apple facing added pressure from U.S. Senators over potential Chinese memory chip deal,negative,0.954733372
2022-09-21T08:00:03-04:00,"Apple likely benefiting from carrier incentives on iPhone 14, BofA says",positive,0.940944135
2022-09-21T07:29:23-04:00,"Micron, Western Digital slump as Mizuho downgrades over price declines, weak data center",negative,0.965687752
2022-09-21T06:58:52-04:00,"Apple may shift a quarter of iPhone production to India by 2025, J.P.Morgan estimates",neutral,0.722735167
2022-09-20T15:06:17-04:00,Democratic & Republican lawmakers' stock picks look to be capitalized on by two ETFs,neutral,0.653714359
2022-09-20T11:17:47-04:00,Apple erases losses as analyst suggests it could offer positive outlook due to iPhone mix,positive,0.695236027
2022-09-20T09:55:06-04:00,"Spotify launches audiobook sales, facing off with tech rivals",positive,0.882045209
2022-09-20T09:46:44-04:00,"Apple slips even as Wedbush notes iPhone 14 seeing 'brisk sales,' wait times widening",positive,0.570450842
2022-09-20T08:17:40-04:00,Apple helps Taiwan exports unexpectedly rise in August due to iPhone launch: report,positive,0.611915469
2022-09-20T05:19:16-04:00,Apple raising app store prices in Europe and Asia next month,positive,0.481248289
2022-09-20T04:24:25-04:00,Musk seeks sanctions exemption to bring satellite internet to Iran,neutral,0.773276985
2022-09-19T14:50:55-04:00,"Apple's satellite phone ambitions could mean new users, boon for Globalstar - FT",positive,0.37359336
2022-09-19T13:25:03-04:00,Apple reportedly seeing bugs causing iPhone 14 Pro Max camera to crash,negative,0.942173839
2022-09-19T11:35:23-04:00,Apple ticks up as tech giant likely to increase iPhone 14 Pro shipment forecast: analyst,positive,0.936952174
2022-09-15T11:19:21-04:00,"Apple, Amazon join those passing on LIV Golf rights - WSJ",neutral,0.915124655
2022-09-14T11:57:25-04:00,"Apple iPhone cycle begins on positive side of forecasts, Morgan Stanley says",positive,0.845831394
2022-09-14T05:39:35-04:00,Apple plans to use TSMC chip tech in iPhones and Macbooks next year - Nikkei,neutral,0.776521921
2022-09-13T14:58:39-04:00,"U.S. considering sanctions to deter China from invading Taiwan, EU also pressured: report",neutral,0.722324669
2022-09-12T10:10:09-04:00,Apple to close UK stores for Queen Elizabeth II's state funeral next Monday,negative,0.874560654
2022-09-12T09:42:09-04:00,"iPhone 14 pre-order demand is 'robust,' tracking 'slightly ahead' of iPhone 13: Wedbush",positive,0.954306483
2022-09-12T08:23:19-04:00,Increased restrictions on selling chip equipment to China could be 'last bit of bad news',negative,0.950836957
2022-09-11T10:02:00-04:00,'Sandman' keeps Netflix in streaming-ratings lead as 'Stranger Things' withdraws,neutral,0.460551679
2022-09-10T12:00:00-04:00,Tech Roundup: Apple connects with the iPhone 14; Musk's Twitter drama drags on,negative,0.513226569
2022-09-10T11:13:56-04:00,Good news for bulls: stocks still holding up over bonds,positive,0.922130287
2022-09-09T15:23:32-04:00,"Micron, Nvidia lead semiconductors higher as GOP warns Apple, Biden visits Intel plant",positive,0.674768746
2022-09-09T13:09:35-04:00,"Apple rises as iPhone 14 delivery estimates creep into October in U.S., other countries",positive,0.888879001
2022-09-09T11:04:53-04:00,"Alibaba, JD.com gain as Chinese tech stocks seek upbeat end to week",positive,0.791359842
2022-09-09T10:57:46-04:00,Qualcomm rises as EU watchdog confirms it won't appeal scrapped $1B fine over iPhone deal,negative,0.819245994
2022-09-09T07:24:35-04:00,Apple warned by GOP lawmakers of further ire if it gets chips from Chinese company: report,negative,0.936444104
2022-09-08T12:04:19-04:00,Apple will gain market share by maintaining iPhone pricing - Loup Ventures' Gene Munster,positive,0.742002904
2022-09-08T10:58:36-04:00,"China will not invade Taiwan within the next five years, Intel CEO predicts",neutral,0.843252599
2022-09-08T09:32:34-04:00,Apple iPhone 14 available for Russians to buy thanks to country's import scheme: report,neutral,0.741066277
2022-09-08T07:31:13-04:00,"Apple event 'largely' met expectations analysts say, except one iPhone-related surprise",positive,0.824199915
2022-09-07T16:08:43-04:00,New iPhones seen setting Apple up for a big holiday season with consumers,positive,0.907236814
2022-09-07T14:34:51-04:00,"Apple shows off updates to iPhone, AirPods, Apple Watch lines, including extreme sports version",neutral,0.928340971
2022-09-07T14:12:25-04:00,Globalstar jumps on news it will provide Apple emergency satellite service (updated),neutral,0.904263377
2022-09-07T14:01:05-04:00,"Antitrust bill appears to be stalling on tech industry opposition, Klobuchar says",negative,0.954459608
2022-09-07T13:24:10-04:00,"Apple's iPad, MacBook production at risk with new Chinese Covid lockdowns",negative,0.959842503
2022-09-07T10:57:24-04:00,Apple cuts shipment forecasts for new MacBook Pro up to 30%: analyst,negative,0.835492432
2022-09-06T16:53:42-04:00,"Apple ordered to stop selling iPhones without battery charger in Brazil, fined $2.4M (update)",negative,0.809337258
2022-09-06T12:39:34-04:00,"Google sends out invites for October 6 event, expected to unveil Pixel 7, Pixel Watch",neutral,0.941781402
2022-09-06T08:36:17-04:00,"Monness, Crespi, Hardt wonders if consumers are ready to 'splurge' ahead of iPhone event",neutral,0.884707034
2022-09-06T08:04:41-04:00,"Apple expected to unveil new iPhones, Apple Watches, AirPods at September event",neutral,0.910259068
2022-09-06T07:38:07-04:00,"Apple seeing 'significant boost' in advertising business, report says",positive,0.943145335
2022-09-06T07:11:27-04:00,Vietnam credit ratings raised at Moody's on resilience to macro shocks,positive,0.924941003
2022-09-02T17:01:30-04:00,"Why did Aurora Innovation stock boom today? CEO floats possible sale to Apple, Microsoft",neutral,0.933816373
2022-09-02T15:00:59-04:00,"Catalyst watch: Key events for Apple, Moderna, Nike and Bausch + Lomb",neutral,0.918607295
2022-09-02T13:39:21-04:00,"Aurora Innovation soars 18% after CEO floats potential sale to Apple, Microsoft",positive,0.555440485
2022-09-02T08:24:50-04:00,Institutional investors positioned 'neutral/negative' on Apple prior to iPhone event: MS,negative,0.7132833
2022-09-02T08:09:59-04:00,"Broadcom rises as analysts praise 'solid' guidance, robust data center demand",positive,0.94206053
2022-09-02T04:27:08-04:00,iPhone crown: Over half of America is using smartphones made by Apple,neutral,0.92562747
2022-09-01T12:46:35-04:00,Apple has fallen 9% in the past two weeks ahead of its iPhone 14 launch. Is it a buy here?,negative,0.947541833
2022-09-01T08:31:29-04:00,"In confusing market, take the long view and stick with 'old' tech like Apple, Microsoft - Defiance ETFs",neutral,0.927362323
2022-08-31T09:08:28-04:00,Apple exec leaves DiDi Global board of directors following $1B investment,neutral,0.718795955
2022-08-31T07:49:33-04:00,"Apple iPhone 14 pricing is a 'key focus' for investors going into launch, BofA says",neutral,0.832968891
2022-08-31T07:14:14-04:00,Apple & Netflix see a leadership shakeup with Horvath out and Gorman & Naylor in,neutral,0.832537353
2022-08-30T07:00:00-04:00,HP likely to see impact of 'PC slowdown' in Q3 but printer margins may surprise,negative,0.868325591
2022-08-29T10:07:13-04:00,Apple iPad manufacturer restarts factory production in Sichuan province amid heat wave: report,negative,0.925186634
2022-08-29T08:43:13-04:00,Qualcomm slips even as EU will not appeal scrapped fine: report,negative,0.873731315
2022-08-29T07:42:04-04:00,Apple may use Reality verbiage in name for upcoming headset: report,neutral,0.948597372
2022-08-29T07:17:01-04:00,iPhone 14 launch seen as 'pivotal' for Apple given weakening global economy: Wedbush,positive,0.855397224
2022-08-28T10:02:00-04:00,"Netflix rolls, sweeping streaming ratings again with help from 'Virgin River'",positive,0.941817045
2022-08-26T13:35:02-04:00,DOJ in 'early stages' of drafting antitrust complaint against Apple: report,neutral,0.787137985
2022-08-26T12:50:33-04:00,"Apple's new iPad Pro, MacBook Pro set for mass production this year: analyst",neutral,0.882277787
2022-08-26T12:07:28-04:00,Electronic Arts pares gain after report that Amazon not expected to make takeover offer (update),neutral,0.541776896
2022-08-24T12:12:14-04:00,Apple sends out invitations for September 7 product event,neutral,0.923584223
2022-08-24T10:04:36-04:00,Apple saw 147% growth in premium Chinese smartphone market in Q2: Counterpoint Research,positive,0.931703568
2022-08-24T08:28:43-04:00,Apple increasing iPhone 14 build plans due to continued market share gains: Susquehanna,positive,0.89015764
2022-08-23T05:50:45-04:00,"Apple plans to narrow iPhone 14 production lag between China, India",positive,0.63105756
2022-08-22T11:43:01-04:00,Apple employees push back against return-to-office mandate with petition,neutral,0.38826105
2022-08-22T09:15:53-04:00,"Apple expands self-service repair to Macs, with tools available for purchase tomorrow",positive,0.585897386
2022-08-22T04:07:51-04:00,Worsening drought seen as next big threat of economic disruption,negative,0.790511072
2022-08-21T10:03:00-04:00,Streaming takes over as top use of TV viewing,neutral,0.93190372
2022-08-19T10:01:22-04:00,Apple slips even as KeyBanc says sell-through 'remains healthy' with iPhone 14 on tap,negative,0.731266618
2022-08-18T11:38:23-04:00,Apple could see another 30% upside if it surpasses its December 2021 highs: BofA,negative,0.488241553
2022-08-18T08:56:58-04:00,Apple can 'minimize' recession impact on the iPhone 14 with an earlier launch: analyst,neutral,0.783794761
2022-08-18T08:33:21-04:00,Loup Ventures: Apple has 40%+ upside from here over next couple years,positive,0.742024243
2022-08-17T13:07:24-04:00,Apple looking at September 7 for iPhone 14 launch event: report,neutral,0.94695878
2022-08-17T07:13:33-04:00,Apple seeing 'slight' supply chain improvement with iPhone 14 on deck,positive,0.929914832
2022-08-17T06:19:33-04:00,"Apple reportedly in talks to produce watches, MacBooks in Vietnam",neutral,0.875879943
2022-08-16T16:53:32-04:00,"Apple's massive base of devices, loyal users at heart of Credit Suisse upgrade",neutral,0.725260735
2022-08-16T16:23:41-04:00,Apple to start collecting 'Netflix tax' in Chicago next month: report,neutral,0.942312717
2022-08-16T12:01:15-04:00,Apple screen supplier will 'make adjustments' as Sichuan province deals with power outage,negative,0.605621397
2022-08-16T11:34:44-04:00,"Sandell Asset Management adds new stakes in Apple, Gold ETF; exits Electronic Arts, Caesars Entertainment",neutral,0.878875554
2022-08-16T08:17:19-04:00,Apple slips after reportedly laying off 100 recruiters amid economic slowdown,negative,0.968648255
2022-08-15T15:19:07-04:00,Judge approves Apple's $30M settlement for not paying retail workers during security checks: report,negative,0.91005522
2022-08-15T09:36:59-04:00,Temporary power outage at Foxconn plant in China could impact iPad assembly: top analyst,negative,0.845314801
2022-08-15T07:49:47-04:00,"Apple likely to include advertising in Maps, TV, Books to help boost revenue: report",positive,0.639261544
2022-08-14T10:03:00-04:00,"Streaming ratings show still more eyeballs for 'Stranger Things,' Amazon hits",neutral,0.72831893
2022-08-13T12:00:00-04:00,"Tech Roundup: Musk, Twitter, Disney and Apple make some waves",neutral,0.913629472
2022-08-12T18:18:30-04:00,YouTube eyeing 'channel store' video market to offer other streamers - WSJ,neutral,0.686819911
2022-08-12T12:44:43-04:00,"Meta and Apple fight over ad privacy now, but considered partnering - WSJ",negative,0.579526663
2022-08-12T10:44:47-04:00,Is Apple recession-proof? Bernstein says to watch the iPhone 14 launch for clues,neutral,0.788513303
2022-08-12T09:02:44-04:00,Cognex slips as J.P. Morgan downgrades citing 'softening demand' seen in Q2,negative,0.937175453
2022-08-11T16:31:38-04:00,Apple reportedly tells iPhone partners to crank up production plans,neutral,0.565884829
2022-08-10T16:51:28-04:00,Apple boosts in-house podcasting after signing deal with Futuro Studios: report,positive,0.921546161
2022-08-10T13:50:30-04:00,"Apple has bounced 30% from its 52-week low, helped by strong earnings. Is it a buy here?",positive,0.743262231
2022-08-10T13:33:40-04:00,Chips rise as Citi says Micron showing 'classic signs' of a bottom,positive,0.898753822
2022-08-10T11:36:01-04:00,"Apple could raise iPhone 14 average selling price by as much as 15%, top analyst says",positive,0.942551553
2022-08-10T07:18:37-04:00,"Foxconn tops estimates, but Apple iPhone partner warns of slowing smartphone demand",negative,0.933201492
2022-08-09T12:24:27-04:00,"ESPN ending 40-year Big Ten relationship, while Apple and Amazon hunt streaming rights - reports",neutral,0.890740752
2022-08-09T12:10:09-04:00,"GraniteShares continues single-stock ETF trend with offerings for TSLA, AAPL and COIN",neutral,0.571159899
2022-08-09T08:27:38-04:00,"Defiance ETFs: 'It's a great time to get into the market,' buy tech megacaps and Nvidia",neutral,0.72966826
2022-08-09T08:21:53-04:00,"Intel seen as biggest beneficiary of CHIPS Act, but not a 'silver bullet,' BofA warns",positive,0.658744514
2022-08-08T11:05:50-04:00,New actively managed dividend ETF hits the market,neutral,0.659544945
2022-08-08T09:56:01-04:00,"Apple could announce mixed reality headset in January, price it as high as $2,500: analyst",neutral,0.817578733
2022-08-08T09:06:23-04:00,Citi updates its Thematic Thirty stock screen,neutral,0.89495337
2022-08-08T08:48:56-04:00,"Apple has spent roughly $200M on deals in two years, down from $1.5B in 2020: report",negative,0.969222605
2022-08-08T07:39:50-04:00,"Apple, Microsoft, Palo Alto are Wedbush's top tech picks going into year-end",neutral,0.829897225
2022-08-07T12:00:00-04:00,Could mobile advertising be Apple's next big thing?,neutral,0.925275803
2022-08-07T10:03:29-04:00,"'Stranger Things' keeps trucking in ratings, but Amazon draws some streaming eyes",negative,0.795823812
2022-08-06T12:10:00-04:00,"As Apple's App Store revenue slows, company looks to other avenues to boost growth",positive,0.700624883
2022-08-06T12:00:00-04:00,"Tech Roundup: Pelosi, Taiwan, chips and AMTD Digital's wild stock-price swings",neutral,0.812602043
2022-08-06T08:08:02-04:00,Berkshire Hathaway Q2 operating earnings drive up; stock buybacks scaled back,positive,0.937471747
2022-08-05T12:22:48-04:00,"Berkshire Hathaway Q2 earnings to highlight cash, stock holdings and economy",neutral,0.875118256
2022-08-05T08:13:54-04:00,Apple asks suppliers to relabel shipments from Taiwan to China to avoid scrutiny: report,neutral,0.827374876
2022-08-04T15:34:32-04:00,Amazon has surged 40% from its 52-week low on strong AWS performance. Should you buy here?,neutral,0.488321602
2022-08-04T13:29:04-04:00,"Apple accused of retaliating against, mishandling allegations against women: report",negative,0.72493434
2022-08-03T11:26:09-04:00,Apple App Store growth shows signs of slowing down,negative,0.957394481
2022-08-03T09:24:01-04:00,"Pelosi meets with Taiwan chip leaders, including Taiwan Semiconductor Chairman: report",neutral,0.917199969
2022-08-02T11:58:51-04:00,AMD climbs ahead of Q2 results; chip stocks mixed as Taiwan tensions rise,negative,0.484256804
2022-08-01T10:24:20-04:00,"Micron, Western Digital rise as U.S. considers limiting equipment for Chinese memory chip makers: report",positive,0.787510037
2022-08-01T09:34:56-04:00,"Apple starts four-part bond sale to fund dividends, buybacks: report",neutral,0.937536299
2022-07-31T14:57:28-04:00,UBS reveals its highest conviction stock picks for the rest of 2022,positive,0.828761518
2022-07-31T10:05:00-04:00,'Stranger Things' finale puts up scary streaming numbers again,negative,0.640393972